Workbook

Sheet B.CJ.A0
C2: Min | J2: Distance (nm) | Q2: Fuel (lbs)
B3: Weight at Descent | C3: 9000 | D3: 8000 | E3: 7000 | F3: KIAS | I3: Weight at Descent | J3: 9000 | K3: 8000 | L3: 7000 | M3: KIAS | P3: Weight at Descent | Q3: 9000 | R3: 8000 | S3: 7000 | T3: KIAS
A4: Altitude | B4: 31000 | C4: 15.5 | D4: 15.5 | E4: 15.5 | F4: 250 | H4: Altitude | I4: 31000 | J4: 82 | K4: 82 | L4: 82 | M4: 250 | O4: Altitude | P4: 31000 | Q4: 152 | R4: 145 | S4: 140 | T4: 250
B5: =B4+2000 -> 33000 | C5: 16.5 | D5: 16.5 | E5: 16.5 | F5: 238 | I5: =I4+2000 -> 33000 | J5: 88 | K5: 88 | L5: 88 | M5: 238 | P5: =P4+2000 -> 33000 | Q5: 163 | R5: 155 | S5: 149 | T5: 238
B6: =B5+2000 -> 35000 | C6: 17.5 | D6: 17.5 | E6: 17.5 | F6: 227 | I6: =I5+2000 -> 35000 | J6: 95 | K6: 95 | L6: 95 | M6: 227 | P6: =P5+2000 -> 35000 | Q6: 173 | R6: 164 | S6: 158 | T6: 227
B7: =B6+2000 -> 37000 | C7: 18.5 | D7: 18.5 | E7: 18.5 | F7: 216 | I7: =I6+2000 -> 37000 | J7: 101 | K7: 101 | L7: 101 | M7: 216 | P7: =P6+2000 -> 37000 | Q7: 184 | R7: 174 | S7: 166 | T7: 216
B8: =B7+2000 -> 39000 | C8: 19.5 | D8: 19.5 | E8: 19.5 | F8: 206 | I8: =I7+2000 -> 39000 | J8: 107 | K8: 107 | L8: 107 | M8: 206 | P8: =P7+2000 -> 39000 | Q8: 195 | R8: 183 | S8: 175 | T8: 206
B9: =B8+2000 -> 41000 | C9: 20.4 | D9: 20.4 | E9: 20.4 | F9: 196 | I9: =I8+2000 -> 41000 | J9: 113 | K9: 114 | L9: 114 | M9: 196 | P9: =P8+2000 -> 41000 | Q9: 205 | R9: 193 | S9: 183 | T9: 196
B12: HIGH SPEED DESCENT
C14: Min | J14: Distance (nm) | Q14: Fuel (lbs)
B15: Weight at Descent | C15: 9000 | D15: 8000 | E15: 7000 | F15: KIAS | I15: Weight at Descent | J15: 9000 | K15: 8000 | L15: 7000 | M15: KIAS | P15: Weight at Descent | Q15: 9000 | R15: 8000 | S15: 7000 | T15: KIAS
A16: Altitude | B16: 31000 | C16: 10.3 | D16: 10.3 | E16: 10.3 | F16: 250 | H16: Altitude | I16: 31000 | J16: 54 | K16: 54 | L16: 54 | M16: 250 | O16: Altitude | P16: 31000 | Q16: 67 | R16: 66 | S16: 66 | T16: 250
B17: =B16+2000 -> 33000 | C17: 11 | D17: 11 | E17: 11 | F17: 238 | I17: =I16+2000 -> 33000 | J17: 59 | K17: 59 | L17: 59 | M17: 238 | P17: =P16+2000 -> 33000 | Q17: 73 | R17: 71 | S17: 71 | T17: 238
B18: =B17+2000 -> 35000 | C18: 11.7 | D18: 11.7 | E18: 11.7 | F18: 227 | I18: =I17+2000 -> 35000 | J18: 63 | K18: 63 | L18: 63 | M18: 227 | P18: =P17+2000 -> 35000 | Q18: 79 | R18: 77 | S18: 76 | T18: 227
B19: =B18+2000 -> 37000 | C19: 12.3 | D19: 12.3 | E19: 12.3 | F19: 216 | I19: =I18+2000 -> 37000 | J19: 67 | K19: 67 | L19: 67 | M19: 216 | P19: =P18+2000 -> 37000 | Q19: 84 | R19: 82 | S19: 81 | T19: 216
B20: =B19+2000 -> 39000 | C20: 13 | D20: 13 | E20: 13 | F20: 206 | I20: =I19+2000 -> 39000 | J20: 71 | K20: 71 | L20: 71 | M20: 206 | P20: =P19+2000 -> 39000 | Q20: 90 | R20: 86 | S20: 85 | T20: 206
B21: =B20+2000 -> 41000 | C21: 13.7 | D21: 13.7 | E21: 13.7 | F21: 196 | I21: =I20+2000 -> 41000 | J21: 76 | K21: 76 | L21: 76 | M21: 196 | P21: =P20+2000 -> 41000 | Q21: 96 | R21: 91 | S21: 90 | T21: 196

Sheet M.CJ.A0
C2: Min | J2: Distance (nm) | Q2: Fuel (lbs)
B3: Weight at Descent | C3: 9000 | D3: 8000 | E3: 7000 | F3: KIAS | I3: Weight at Descent | J3: 9000 | K3: 8000 | L3: 7000 | M3: KIAS | P3: Weight at Descent | Q3: 9000 | R3: 8000 | S3: 7000 | T3: KIAS
A4: Altitude | B4: 31000 | C4: 15.5 | D4: 15.5 | E4: 15.5 | F4: 250 | H4: Altitude | I4: 31000 | J4: 82 | K4: 82 | L4: 82 | M4: 250 | O4: Altitude | P4: 31000 | Q4: 152 | R4: 145 | S4: 140 | T4: 250
B5: =B4+2000 -> 33000 | C5: 16.5 | D5: 16.5 | E5: 16.5 | F5: 238 | I5: =I4+2000 -> 33000 | J5: 88 | K5: 88 | L5: 88 | M5: 238 | P5: =P4+2000 -> 33000 | Q5: 163 | R5: 155 | S5: 149 | T5: 238
B6: =B5+2000 -> 35000 | C6: 17.5 | D6: 17.5 | E6: 17.5 | F6: 227 | I6: =I5+2000 -> 35000 | J6: 95 | K6: 95 | L6: 95 | M6: 227 | P6: =P5+2000 -> 35000 | Q6: 173 | R6: 164 | S6: 158 | T6: 227
B7: =B6+2000 -> 37000 | C7: 18.5 | D7: 18.5 | E7: 18.5 | F7: 216 | I7: =I6+2000 -> 37000 | J7: 101 | K7: 101 | L7: 101 | M7: 216 | P7: =P6+2000 -> 37000 | Q7: 184 | R7: 174 | S7: 166 | T7: 216
B8: =B7+2000 -> 39000 | C8: 19.5 | D8: 19.5 | E8: 19.5 | F8: 206 | I8: =I7+2000 -> 39000 | J8: 107 | K8: 107 | L8: 107 | M8: 206 | P8: =P7+2000 -> 39000 | Q8: 195 | R8: 183 | S8: 175 | T8: 206
B9: =B8+2000 -> 41000 | C9: 20.4 | D9: 20.4 | E9: 20.4 | F9: 196 | I9: =I8+2000 -> 41000 | J9: 113 | K9: 114 | L9: 114 | M9: 196 | P9: =P8+2000 -> 41000 | Q9: 205 | R9: 193 | S9: 183 | T9: 196
B12: HIGH SPEED DESCENT
C14: Min | J14: Distance (nm) | Q14: Fuel (lbs)
B15: Weight at Descent | C15: 9000 | D15: 8000 | E15: 7000 | F15: KIAS | I15: Weight at Descent | J15: 9000 | K15: 8000 | L15: 7000 | M15: KIAS | P15: Weight at Descent | Q15: 9000 | R15: 8000 | S15: 7000 | T15: KIAS
A16: Altitude | B16: 31000 | C16: 10.3 | D16: 10.3 | E16: 10.3 | F16: 250 | H16: Altitude | I16: 31000 | J16: 54 | K16: 54 | L16: 54 | M16: 250 | O16: Altitude | P16: 31000 | Q16: 67 | R16: 66 | S16: 66 | T16: 250
B17: =B16+2000 -> 33000 | C17: 11 | D17: 11 | E17: 11 | F17: 238 | I17: =I16+2000 -> 33000 | J17: 59 | K17: 59 | L17: 59 | M17: 238 | P17: =P16+2000 -> 33000 | Q17: 73 | R17: 71 | S17: 71 | T17: 238
B18: =B17+2000 -> 35000 | C18: 11.7 | D18: 11.7 | E18: 11.7 | F18: 227 | I18: =I17+2000 -> 35000 | J18: 63 | K18: 63 | L18: 63 | M18: 227 | P18: =P17+2000 -> 35000 | Q18: 79 | R18: 77 | S18: 76 | T18: 227
B19: =B18+2000 -> 37000 | C19: 12.3 | D19: 12.3 | E19: 12.3 | F19: 216 | I19: =I18+2000 -> 37000 | J19: 67 | K19: 67 | L19: 67 | M19: 216 | P19: =P18+2000 -> 37000 | Q19: 84 | R19: 82 | S19: 81 | T19: 216
B20: =B19+2000 -> 39000 | C20: 13 | D20: 13 | E20: 13 | F20: 206 | I20: =I19+2000 -> 39000 | J20: 71 | K20: 71 | L20: 71 | M20: 206 | P20: =P19+2000 -> 39000 | Q20: 90 | R20: 86 | S20: 85 | T20: 206
B21: =B20+2000 -> 41000 | C21: 13.7 | D21: 13.7 | E21: 13.7 | F21: 196 | I21: =I20+2000 -> 41000 | J21: 76 | K21: 76 | L21: 76 | M21: 196 | P21: =P20+2000 -> 41000 | Q21: 96 | R21: 91 | S21: 90 | T21: 196

Sheet B.CJ.A1
C2: Min | J2: Distance (nm) | Q2: Fuel (lbs)
B3: Weight at Descent | C3: 9000 | D3: 8000 | E3: 7000 | F3: KIAS | I3: Weight at Descent | J3: 9000 | K3: 8000 | L3: 7000 | M3: KIAS | P3: Weight at Descent | Q3: 9000 | R3: 8000 | S3: 7000 | T3: KIAS
A4: Altitude | B4: 31000 | C4: 15.5 | D4: 15.5 | E4: 15.5 | F4: 250 | H4: Altitude | I4: 31000 | J4: 82 | K4: 82 | L4: 82 | M4: 250 | O4: Altitude | P4: 31000 | Q4: 168 | R4: 161 | S4: 156 | T4: 250
B5: =B4+2000 -> 33000 | C5: 16.5 | D5: 16.5 | E5: 16.5 | F5: 238 | I5: =I4+2000 -> 33000 | J5: 88 | K5: 88 | L5: 88 | M5: 238 | P5: =P4+2000 -> 33000 | Q5: 180 | R5: 172 | S5: 166 | T5: 238
B6: =B5+2000 -> 35000 | C6: 17.5 | D6: 17.5 | E6: 17.5 | F6: 227 | I6: =I5+2000 -> 35000 | J6: 95 | K6: 95 | L6: 95 | M6: 227 | P6: =P5+2000 -> 35000 | Q6: 192 | R6: 183 | S6: 176 | T6: 227
B7: =B6+2000 -> 37000 | C7: 18.4 | D7: 18.5 | E7: 18.5 | F7: 216 | I7: =I6+2000 -> 37000 | J7: 100 | K7: 101 | L7: 101 | M7: 216 | P7: =P6+2000 -> 37000 | Q7: 203 | R7: 193 | S7: 186 | T7: 216
B8: =B7+2000 -> 39000 | C8: 19.1 | D8: 19.4 | E8: 19.5 | F8: 206 | I8: =I7+2000 -> 39000 | J8: 105 | K8: 107 | L8: 107 | M8: 206 | P8: =P7+2000 -> 39000 | Q8: 210 | R8: 202 | S8: 195 | T8: 206
B9: =B8+2000 -> 41000 | C9: 19.7 | D9: 20 | E9: 20.3 | F9: 196 | I9: =I8+2000 -> 41000 | J9: 109 | K9: 111 | L9: 112 | M9: 196 | P9: =P8+2000 -> 41000 | Q9: 214 | R9: 208 | S9: 202 | T9: 196
B13: HIGH SPEED DESCENT
C15: Min | J15: Distance (nm) | Q15: Fuel (lbs)
B16: Weight at Descent | C16: 9000 | D16: 8000 | E16: 7000 | F16: KIAS | I16: Weight at Descent | J16: 9000 | K16: 8000 | L16: 7000 | M16: KIAS | P16: Weight at Descent | Q16: 9000 | R16: 8000 | S16: 7000 | T16: KIAS
A17: Altitude | B17: 31000 | C17: 10.3 | D17: 10.3 | E17: 10.3 | F17: 250 | H17: Altitude | I17: 31000 | J17: 54 | K17: 54 | L17: 54 | M17: 250 | O17: Altitude | P17: 31000 | Q17: 77 | R17: 75 | S17: 76 | T17: 250
B18: =B17+2000 -> 33000 | C18: 11 | D18: 11 | E18: 11 | F18: 238 | I18: =I17+2000 -> 33000 | J18: 59 | K18: 59 | L18: 59 | M18: 238 | P18: =P17+2000 -> 33000 | Q18: 83 | R18: 82 | S18: 82 | T18: 238
B19: =B18+2000 -> 35000 | C19: 11.7 | D19: 11.7 | E19: 11.7 | F19: 227 | I19: =I18+2000 -> 35000 | J19: 63 | K19: 63 | L19: 63 | M19: 227 | P19: =P18+2000 -> 35000 | Q19: 90 | R19: 88 | S19: 87 | T19: 227
B20: =B19+2000 -> 37000 | C20: 12.3 | D20: 12.3 | E20: 12.3 | F20: 216 | I20: =I19+2000 -> 37000 | J20: 67 | K20: 67 | L20: 67 | M20: 216 | P20: =P19+2000 -> 37000 | Q20: 96 | R20: 93 | S20: 93 | T20: 216
B21: =B20+2000 -> 39000 | C21: 13 | D21: 13 | E21: 13 | F21: 206 | I21: =I20+2000 -> 39000 | J21: 71 | K21: 71 | L21: 71 | M21: 206 | P21: =P20+2000 -> 39000 | Q21: 102 | R21: 99 | S21: 98 | T21: 206
B22: =B21+2000 -> 41000 | C22: 13.6 | D22: 13.6 | E22: 13.7 | F22: 196 | I22: =I21+2000 -> 41000 | J22: 75 | K22: 76 | L22: 76 | M22: 196 | P22: =P21+2000 -> 41000 | Q22: 107 | R22: 104 | S22: 103 | T22: 196

Sheet M.CJ.A1
C2: Min | J2: Distance (nm) | Q2: Fuel (lbs)
B3: Weight at Descent | C3: 9000 | D3: 8000 | E3: 7000 | F3: KIAS | I3: Weight at Descent | J3: 9000 | K3: 8000 | L3: 7000 | M3: KIAS | P3: Weight at Descent | Q3: 9000 | R3: 8000 | S3: 7000 | T3: KIAS
A4: Altitude | B4: 31000 | C4: 15.5 | D4: 15.5 | E4: 15.5 | F4: 250 | H4: Altitude | I4: 31000 | J4: 82 | K4: 82 | L4: 82 | M4: 250 | O4: Altitude | P4: 31000 | Q4: 168 | R4: 161 | S4: 156 | T4: 250
B5: =B4+2000 -> 33000 | C5: 16.5 | D5: 16.5 | E5: 16.5 | F5: 238 | I5: =I4+2000 -> 33000 | J5: 88 | K5: 88 | L5: 88 | M5: 238 | P5: =P4+2000 -> 33000 | Q5: 180 | R5: 172 | S5: 166 | T5: 238
B6: =B5+2000 -> 35000 | C6: 17.5 | D6: 17.5 | E6: 17.5 | F6: 227 | I6: =I5+2000 -> 35000 | J6: 95 | K6: 95 | L6: 95 | M6: 227 | P6: =P5+2000 -> 35000 | Q6: 192 | R6: 183 | S6: 176 | T6: 227
B7: =B6+2000 -> 37000 | C7: 18.4 | D7: 18.5 | E7: 18.5 | F7: 216 | I7: =I6+2000 -> 37000 | J7: 100 | K7: 101 | L7: 101 | M7: 216 | P7: =P6+2000 -> 37000 | Q7: 203 | R7: 193 | S7: 186 | T7: 216
B8: =B7+2000 -> 39000 | C8: 19.1 | D8: 19.4 | E8: 19.5 | F8: 206 | I8: =I7+2000 -> 39000 | J8: 105 | K8: 107 | L8: 107 | M8: 206 | P8: =P7+2000 -> 39000 | Q8: 210 | R8: 202 | S8: 195 | T8: 206
B9: =B8+2000 -> 41000 | C9: 19.7 | D9: 20 | E9: 20.3 | F9: 196 | I9: =I8+2000 -> 41000 | J9: 109 | K9: 111 | L9: 112 | M9: 196 | P9: =P8+2000 -> 41000 | Q9: 214 | R9: 208 | S9: 202 | T9: 196
B13: HIGH SPEED DESCENT
C15: Min | J15: Distance (nm) | Q15: Fuel (lbs)
B16: Weight at Descent | C16: 9000 | D16: 8000 | E16: 7000 | F16: KIAS | I16: Weight at Descent | J16: 9000 | K16: 8000 | L16: 7000 | M16: KIAS | P16: Weight at Descent | Q16: 9000 | R16: 8000 | S16: 7000 | T16: KIAS
A17: Altitude | B17: 31000 | C17: 10.3 | D17: 10.3 | E17: 10.3 | F17: 250 | H17: Altitude | I17: 31000 | J17: 54 | K17: 54 | L17: 54 | M17: 250 | O17: Altitude | P17: 31000 | Q17: 77 | R17: 75 | S17: 76 | T17: 250
B18: =B17+2000 -> 33000 | C18: 11 | D18: 11 | E18: 11 | F18: 238 | I18: =I17+2000 -> 33000 | J18: 59 | K18: 59 | L18: 59 | M18: 238 | P18: =P17+2000 -> 33000 | Q18: 83 | R18: 82 | S18: 82 | T18: 238
B19: =B18+2000 -> 35000 | C19: 11.7 | D19: 11.7 | E19: 11.7 | F19: 227 | I19: =I18+2000 -> 35000 | J19: 63 | K19: 63 | L19: 63 | M19: 227 | P19: =P18+2000 -> 35000 | Q19: 90 | R19: 88 | S19: 87 | T19: 227
B20: =B19+2000 -> 37000 | C20: 12.3 | D20: 12.3 | E20: 12.3 | F20: 216 | I20: =I19+2000 -> 37000 | J20: 67 | K20: 67 | L20: 67 | M20: 216 | P20: =P19+2000 -> 37000 | Q20: 96 | R20: 93 | S20: 93 | T20: 216
B21: =B20+2000 -> 39000 | C21: 13 | D21: 13 | E21: 13 | F21: 206 | I21: =I20+2000 -> 39000 | J21: 71 | K21: 71 | L21: 71 | M21: 206 | P21: =P20+2000 -> 39000 | Q21: 102 | R21: 99 | S21: 98 | T21: 206
B22: =B21+2000 -> 41000 | C22: 13.6 | D22: 13.6 | E22: 13.7 | F22: 196 | I22: =I21+2000 -> 41000 | J22: 75 | K22: 76 | L22: 76 | M22: 196 | P22: =P21+2000 -> 41000 | Q22: 107 | R22: 104 | S22: 103 | T22: 196

Sheet B.CJ1.A0
C2: Min | J2: Distance (nm) | Q2: Fuel (lbs)
B3: Weight at Descent | C3: wt not specified | F3: KIAS | I3: Weight at Descent | J3: wt not specified | M3: KIAS | P3: Weight at Descent | Q3: wt not specified | T3: KIAS
A4: Altitude | B4: 31000 | C4: 15.5 | D4: 15.5 | E4: 15.5 | F4: 250 | H4: Altitude | I4: 31000 | J4: 81 | K4: 81 | L4: 81 | M4: 250 | O4: Altitude | P4: 31000 | Q4: 151 | R4: 151 | S4: 151 | T4: 250
B5: =B4+2000 -> 33000 | C5: 16.5 | D5: 16.5 | E5: 16.5 | F5: 238 | I5: =I4+2000 -> 33000 | J5: 88 | K5: 88 | L5: 88 | M5: 238 | P5: =P4+2000 -> 33000 | Q5: 161 | R5: 161 | S5: 161 | T5: 238
B6: =B5+2000 -> 35000 | C6: 17.5 | D6: 17.5 | E6: 17.5 | F6: 227 | I6: =I5+2000 -> 35000 | J6: 94 | K6: 94 | L6: 94 | M6: 227 | P6: =P5+2000 -> 35000 | Q6: 170 | R6: 170 | S6: 170 | T6: 227
B7: =B6+2000 -> 37000 | C7: 18.5 | D7: 18.5 | E7: 18.5 | F7: 216 | I7: =I6+2000 -> 37000 | J7: 101 | K7: 101 | L7: 101 | M7: 216 | P7: =P6+2000 -> 37000 | Q7: 180 | R7: 180 | S7: 180 | T7: 216
B8: =B7+2000 -> 39000 | C8: 19.5 | D8: 19.5 | E8: 19.5 | F8: 206 | I8: =I7+2000 -> 39000 | J8: 107 | K8: 107 | L8: 107 | M8: 206 | P8: =P7+2000 -> 39000 | Q8: 189 | R8: 189 | S8: 189 | T8: 206
B9: =B8+2000 -> 41000 | C9: 20.5 | D9: 20.5 | E9: 20.5 | F9: 196 | I9: =I8+2000 -> 41000 | J9: 114 | K9: 114 | L9: 114 | M9: 196 | P9: =P8+2000 -> 41000 | Q9: 199 | R9: 199 | S9: 199 | T9: 196
B12: HIGH SPEED DESCENT
C14: Min | J14: Distance (nm) | Q14: Fuel (lbs)
B15: Weight at Descent | C15: wt not specified | F15: KIAS | I15: Weight at Descent | J15: wt not specified | M15: KIAS | P15: Weight at Descent | Q15: wt not specified | T15: KIAS
A16: Altitude | B16: 31000 | C16: 10.3 | D16: 10.3 | E16: 10.3 | F16: 250 | H16: Altitude | I16: 31000 | J16: 54 | K16: 54 | L16: 54 | M16: 250 | O16: Altitude | P16: 31000 | Q16: 70 | R16: 70 | S16: 70 | T16: 250
B17: =B16+2000 -> 33000 | C17: 11 | D17: 11 | E17: 11 | F17: 238 | I17: =I16+2000 -> 33000 | J17: 58 | K17: 58 | L17: 58 | M17: 238 | P17: =P16+2000 -> 33000 | Q17: 75 | R17: 75 | S17: 75 | T17: 238
B18: =B17+2000 -> 35000 | C18: 11.7 | D18: 11.7 | E18: 11.7 | F18: 227 | I18: =I17+2000 -> 35000 | J18: 63 | K18: 63 | L18: 63 | M18: 227 | P18: =P17+2000 -> 35000 | Q18: 80 | R18: 80 | S18: 80 | T18: 227
B19: =B18+2000 -> 37000 | C19: 12.3 | D19: 12.3 | E19: 12.3 | F19: 216 | I19: =I18+2000 -> 37000 | J19: 67 | K19: 67 | L19: 67 | M19: 216 | P19: =P18+2000 -> 37000 | Q19: 85 | R19: 85 | S19: 85 | T19: 216
B20: =B19+2000 -> 39000 | C20: 13 | D20: 13 | E20: 13 | F20: 206 | I20: =I19+2000 -> 39000 | J20: 71 | K20: 71 | L20: 71 | M20: 206 | P20: =P19+2000 -> 39000 | Q20: 90 | R20: 90 | S20: 90 | T20: 206
B21: =B20+2000 -> 41000 | C21: 13.7 | D21: 13.7 | E21: 13.7 | F21: 196 | I21: =I20+2000 -> 41000 | J21: 76 | K21: 76 | L21: 76 | M21: 196 | P21: =P20+2000 -> 41000 | Q21: 95 | R21: 95 | S21: 95 | T21: 196

Sheet M.CJ1.A0
C2: Min | J2: Distance (nm) | Q2: Fuel (lbs)
B3: Weight at Descent | C3: not specified | F3: KIAS | I3: Weight at Descent | J3: not specified | M3: KIAS | P3: Weight at Descent | Q3: not specified | T3: KIAS
A4: Altitude | B4: 31000 | C4: 15.5 | D4: 15.5 | E4: 15.5 | F4: 250 | H4: Altitude | I4: 31000 | J4: 81 | K4: 81 | L4: 81 | M4: 250 | O4: Altitude | P4: 31000 | Q4: 151 | R4: 151 | S4: 151 | T4: 250
B5: =B4+2000 -> 33000 | C5: 16.5 | D5: 16.5 | E5: 16.5 | F5: 238 | I5: =I4+2000 -> 33000 | J5: 88 | K5: 88 | L5: 88 | M5: 238 | P5: =P4+2000 -> 33000 | Q5: 161 | R5: 161 | S5: 161 | T5: 238
B6: =B5+2000 -> 35000 | C6: 17.5 | D6: 17.5 | E6: 17.5 | F6: 227 | I6: =I5+2000 -> 35000 | J6: 94 | K6: 94 | L6: 94 | M6: 227 | P6: =P5+2000 -> 35000 | Q6: 170 | R6: 170 | S6: 170 | T6: 227
B7: =B6+2000 -> 37000 | C7: 18.5 | D7: 18.5 | E7: 18.5 | F7: 216 | I7: =I6+2000 -> 37000 | J7: 101 | K7: 101 | L7: 101 | M7: 216 | P7: =P6+2000 -> 37000 | Q7: 180 | R7: 180 | S7: 180 | T7: 216
B8: =B7+2000 -> 39000 | C8: 19.5 | D8: 19.5 | E8: 19.5 | F8: 206 | I8: =I7+2000 -> 39000 | J8: 107 | K8: 107 | L8: 107 | M8: 206 | P8: =P7+2000 -> 39000 | Q8: 189 | R8: 189 | S8: 189 | T8: 206
B9: =B8+2000 -> 41000 | C9: 20.5 | D9: 20.5 | E9: 20.5 | F9: 196 | I9: =I8+2000 -> 41000 | J9: 114 | K9: 114 | L9: 114 | M9: 196 | P9: =P8+2000 -> 41000 | Q9: 199 | R9: 199 | S9: 199 | T9: 196
B12: HIGH SPEED DESCENT
C14: Min | J14: Distance (nm) | Q14: Fuel (lbs)
B15: Weight at Descent | C15: not specified | F15: KIAS | I15: Weight at Descent | J15: not specified | M15: KIAS | P15: Weight at Descent | Q15: not specified | T15: KIAS
A16: Altitude | B16: 31000 | C16: 10.3 | D16: 10.3 | E16: 10.3 | F16: 250 | H16: Altitude | I16: 31000 | J16: 54 | K16: 54 | L16: 54 | M16: 250 | O16: Altitude | P16: 31000 | Q16: 70 | R16: 70 | S16: 70 | T16: 250
B17: =B16+2000 -> 33000 | C17: 11 | D17: 11 | E17: 11 | F17: 238 | I17: =I16+2000 -> 33000 | J17: 58 | K17: 58 | L17: 58 | M17: 238 | P17: =P16+2000 -> 33000 | Q17: 75 | R17: 75 | S17: 75 | T17: 238
B18: =B17+2000 -> 35000 | C18: 11.7 | D18: 11.7 | E18: 11.7 | F18: 227 | I18: =I17+2000 -> 35000 | J18: 63 | K18: 63 | L18: 63 | M18: 227 | P18: =P17+2000 -> 35000 | Q18: 80 | R18: 80 | S18: 80 | T18: 227
B19: =B18+2000 -> 37000 | C19: 12.3 | D19: 12.3 | E19: 12.3 | F19: 216 | I19: =I18+2000 -> 37000 | J19: 67 | K19: 67 | L19: 67 | M19: 216 | P19: =P18+2000 -> 37000 | Q19: 85 | R19: 85 | S19: 85 | T19: 216
B20: =B19+2000 -> 39000 | C20: 13 | D20: 13 | E20: 13 | F20: 206 | I20: =I19+2000 -> 39000 | J20: 71 | K20: 71 | L20: 71 | M20: 206 | P20: =P19+2000 -> 39000 | Q20: 90 | R20: 90 | S20: 90 | T20: 206
B21: =B20+2000 -> 41000 | C21: 13.7 | D21: 13.7 | E21: 13.7 | F21: 196 | I21: =I20+2000 -> 41000 | J21: 76 | K21: 76 | L21: 76 | M21: 196 | P21: =P20+2000 -> 41000 | Q21: 95 | R21: 95 | S21: 95 | T21: 196

Sheet B.CJ1.A1
Q1: 14% incr from A0
C2: Min | J2: Distance (nm) | Q2: Fuel (lbs)
B3: Weight at Descent | C3: wt not specified | F3: KIAS | I3: Weight at Descent | J3: wt not specified | M3: KIAS | P3: Weight at Descent | Q3: wt not specified | T3: KIAS
A4: Altitude | B4: 31000 | C4: 15.5 | D4: 15.5 | E4: 15.5 | F4: 250 | H4: Altitude | I4: 31000 | J4: 81 | K4: 81 | L4: 81 | M4: 250 | O4: Altitude | P4: 31000 | Q4: =+'B.CJ1.A0'!Q4*1.14 -> 172.14 | R4: =+'B.CJ1.A0'!R4*1.14 -> 172.14 | S4: =+'B.CJ1.A0'!S4*1.14 -> 172.14 | T4: 250
B5: =B4+2000 -> 33000 | C5: 16.5 | D5: 16.5 | E5: 16.5 | F5: 238 | I5: =I4+2000 -> 33000 | J5: 88 | K5: 88 | L5: 88 | M5: 238 | P5: =P4+2000 -> 33000 | Q5: =+'B.CJ1.A0'!Q5*1.14 -> 183.54 | R5: =+'B.CJ1.A0'!R5*1.14 -> 183.54 | S5: =+'B.CJ1.A0'!S5*1.14 -> 183.54 | T5: 238
B6: =B5+2000 -> 35000 | C6: 17.5 | D6: 17.5 | E6: 17.5 | F6: 227 | I6: =I5+2000 -> 35000 | J6: 94 | K6: 94 | L6: 94 | M6: 227 | P6: =P5+2000 -> 35000 | Q6: =+'B.CJ1.A0'!Q6*1.14 -> 193.8 | R6: =+'B.CJ1.A0'!R6*1.14 -> 193.8 | S6: =+'B.CJ1.A0'!S6*1.14 -> 193.8 | T6: 227
B7: =B6+2000 -> 37000 | C7: 18.5 | D7: 18.5 | E7: 18.5 | F7: 216 | I7: =I6+2000 -> 37000 | J7: 101 | K7: 101 | L7: 101 | M7: 216 | P7: =P6+2000 -> 37000 | Q7: =+'B.CJ1.A0'!Q7*1.14 -> 205.2 | R7: =+'B.CJ1.A0'!R7*1.14 -> 205.2 | S7: =+'B.CJ1.A0'!S7*1.14 -> 205.2 | T7: 216
B8: =B7+2000 -> 39000 | C8: 19.5 | D8: 19.5 | E8: 19.5 | F8: 206 | I8: =I7+2000 -> 39000 | J8: 107 | K8: 107 | L8: 107 | M8: 206 | P8: =P7+2000 -> 39000 | Q8: =+'B.CJ1.A0'!Q8*1.14 -> 215.46 | R8: =+'B.CJ1.A0'!R8*1.14 -> 215.46 | S8: =+'B.CJ1.A0'!S8*1.14 -> 215.46 | T8: 206
B9: =B8+2000 -> 41000 | C9: 20.5 | D9: 20.5 | E9: 20.5 | F9: 196 | I9: =I8+2000 -> 41000 | J9: 114 | K9: 114 | L9: 114 | M9: 196 | P9: =P8+2000 -> 41000 | Q9: =+'B.CJ1.A0'!Q9*1.14 -> 226.86 | R9: =+'B.CJ1.A0'!R9*1.14 -> 226.86 | S9: =+'B.CJ1.A0'!S9*1.14 -> 226.86 | T9: 196
B12: HIGH SPEED DESCENT
C14: Min | J14: Distance (nm) | Q14: Fuel (lbs)
B15: Weight at Descent | C15: wt not specified | F15: KIAS | I15: Weight at Descent | J15: wt not specified | M15: KIAS | P15: Weight at Descent | Q15: wt not specified | T15: KIAS
A16: Altitude | B16: 31000 | C16: 10.3 | D16: 10.3 | E16: 10.3 | F16: 250 | H16: Altitude | I16: 31000 | J16: 54 | K16: 54 | L16: 54 | M16: 250 | O16: Altitude | P16: 31000 | Q16: =+'B.CJ1.A0'!Q16*1.14 -> 79.8 | R16: =+'B.CJ1.A0'!R16*1.14 -> 79.8 | S16: =+'B.CJ1.A0'!S16*1.14 -> 79.8 | T16: 250
B17: =B16+2000 -> 33000 | C17: 11 | D17: 11 | E17: 11 | F17: 238 | I17: =I16+2000 -> 33000 | J17: 58 | K17: 58 | L17: 58 | M17: 238 | P17: =P16+2000 -> 33000 | Q17: =+'B.CJ1.A0'!Q17*1.14 -> 85.5 | R17: =+'B.CJ1.A0'!R17*1.14 -> 85.5 | S17: =+'B.CJ1.A0'!S17*1.14 -> 85.5 | T17: 238
B18: =B17+2000 -> 35000 | C18: 11.7 | D18: 11.7 | E18: 11.7 | F18: 227 | I18: =I17+2000 -> 35000 | J18: 63 | K18: 63 | L18: 63 | M18: 227 | P18: =P17+2000 -> 35000 | Q18: =+'B.CJ1.A0'!Q18*1.14 -> 91.2 | R18: =+'B.CJ1.A0'!R18*1.14 -> 91.2 | S18: =+'B.CJ1.A0'!S18*1.14 -> 91.2 | T18: 227
B19: =B18+2000 -> 37000 | C19: 12.3 | D19: 12.3 | E19: 12.3 | F19: 216 | I19: =I18+2000 -> 37000 | J19: 67 | K19: 67 | L19: 67 | M19: 216 | P19: =P18+2000 -> 37000 | Q19: =+'B.CJ1.A0'!Q19*1.14 -> 96.9 | R19: =+'B.CJ1.A0'!R19*1.14 -> 96.9 | S19: =+'B.CJ1.A0'!S19*1.14 -> 96.9 | T19: 216
B20: =B19+2000 -> 39000 | C20: 13 | D20: 13 | E20: 13 | F20: 206 | I20: =I19+2000 -> 39000 | J20: 71 | K20: 71 | L20: 71 | M20: 206 | P20: =P19+2000 -> 39000 | Q20: =+'B.CJ1.A0'!Q20*1.14 -> 102.6 | R20: =+'B.CJ1.A0'!R20*1.14 -> 102.6 | S20: =+'B.CJ1.A0'!S20*1.14 -> 102.6 | T20: 206
B21: =B20+2000 -> 41000 | C21: 13.7 | D21: 13.7 | E21: 13.7 | F21: 196 | I21: =I20+2000 -> 41000 | J21: 76 | K21: 76 | L21: 76 | M21: 196 | P21: =P20+2000 -> 41000 | Q21: =+'B.CJ1.A0'!Q21*1.14 -> 108.3 | R21: =+'B.CJ1.A0'!R21*1.14 -> 108.3 | S21: =+'B.CJ1.A0'!S21*1.14 -> 108.3 | T21: 196

Sheet M.CJ1.A1
Q1: 14% incr from A0
C2: Min | J2: Distance (nm) | Q2: Fuel (lbs)
B3: Weight at Descent | C3: not specified | F3: KIAS | I3: Weight at Descent | J3: not specified | M3: KIAS | P3: Weight at Descent | Q3: not specified | T3: KIAS
A4: Altitude | B4: 31000 | C4: 15.5 | D4: 15.5 | E4: 15.5 | F4: 250 | H4: Altitude | I4: 31000 | J4: 81 | K4: 81 | L4: 81 | M4: 250 | O4: Altitude | P4: 31000 | Q4: =+'M.CJ1.A0'!Q4*1.14 -> 172.14 | R4: =+'M.CJ1.A0'!R4*1.14 -> 172.14 | S4: =+'M.CJ1.A0'!S4*1.14 -> 172.14 | T4: 250
B5: =B4+2000 -> 33000 | C5: 16.5 | D5: 16.5 | E5: 16.5 | F5: 238 | I5: =I4+2000 -> 33000 | J5: 88 | K5: 88 | L5: 88 | M5: 238 | P5: =P4+2000 -> 33000 | Q5: =+'M.CJ1.A0'!Q5*1.14 -> 183.54 | R5: =+'M.CJ1.A0'!R5*1.14 -> 183.54 | S5: =+'M.CJ1.A0'!S5*1.14 -> 183.54 | T5: 238
B6: =B5+2000 -> 35000 | C6: 17.5 | D6: 17.5 | E6: 17.5 | F6: 227 | I6: =I5+2000 -> 35000 | J6: 94 | K6: 94 | L6: 94 | M6: 227 | P6: =P5+2000 -> 35000 | Q6: =+'M.CJ1.A0'!Q6*1.14 -> 193.8 | R6: =+'M.CJ1.A0'!R6*1.14 -> 193.8 | S6: =+'M.CJ1.A0'!S6*1.14 -> 193.8 | T6: 227
B7: =B6+2000 -> 37000 | C7: 18.5 | D7: 18.5 | E7: 18.5 | F7: 216 | I7: =I6+2000 -> 37000 | J7: 101 | K7: 101 | L7: 101 | M7: 216 | P7: =P6+2000 -> 37000 | Q7: =+'M.CJ1.A0'!Q7*1.14 -> 205.2 | R7: =+'M.CJ1.A0'!R7*1.14 -> 205.2 | S7: =+'M.CJ1.A0'!S7*1.14 -> 205.2 | T7: 216
B8: =B7+2000 -> 39000 | C8: 19.5 | D8: 19.5 | E8: 19.5 | F8: 206 | I8: =I7+2000 -> 39000 | J8: 107 | K8: 107 | L8: 107 | M8: 206 | P8: =P7+2000 -> 39000 | Q8: =+'M.CJ1.A0'!Q8*1.14 -> 215.46 | R8: =+'M.CJ1.A0'!R8*1.14 -> 215.46 | S8: =+'M.CJ1.A0'!S8*1.14 -> 215.46 | T8: 206
B9: =B8+2000 -> 41000 | C9: 20.5 | D9: 20.5 | E9: 20.5 | F9: 196 | I9: =I8+2000 -> 41000 | J9: 114 | K9: 114 | L9: 114 | M9: 196 | P9: =P8+2000 -> 41000 | Q9: =+'M.CJ1.A0'!Q9*1.14 -> 226.86 | R9: =+'M.CJ1.A0'!R9*1.14 -> 226.86 | S9: =+'M.CJ1.A0'!S9*1.14 -> 226.86 | T9: 196
B12: HIGH SPEED DESCENT
C14: Min | J14: Distance (nm) | Q14: Fuel (lbs)
B15: Weight at Descent | C15: not specified | F15: KIAS | I15: Weight at Descent | J15: not specified | M15: KIAS | P15: Weight at Descent | Q15: not specified | T15: KIAS
B16: 31000 | C16: 10.3 | D16: 10.3 | E16: 10.3 | F16: 250 | I16: 31000 | J16: 54 | K16: 54 | L16: 54 | M16: 250 | P16: 31000 | Q16: =+'M.CJ1.A0'!Q16*1.14 -> 79.8 | R16: =+'M.CJ1.A0'!R16*1.14 -> 79.8 | S16: =+'M.CJ1.A0'!S16*1.14 -> 79.8 | T16: 250
B17: 33000 | C17: 11 | D17: 11 | E17: 11 | F17: 238 | I17: 33000 | J17: 58 | K17: 58 | L17: 58 | M17: 238 | P17: 33000 | Q17: =+'M.CJ1.A0'!Q17*1.14 -> 85.5 | R17: =+'M.CJ1.A0'!R17*1.14 -> 85.5 | S17: =+'M.CJ1.A0'!S17*1.14 -> 85.5 | T17: 238
A18: Altitude | B18: 35000 | C18: 11.7 | D18: 11.7 | E18: 11.7 | F18: 227 | H18: Altitude | I18: 35000 | J18: 63 | K18: 63 | L18: 63 | M18: 227 | O18: Altitude | P18: 35000 | Q18: =+'M.CJ1.A0'!Q18*1.14 -> 91.2 | R18: =+'M.CJ1.A0'!R18*1.14 -> 91.2 | S18: =+'M.CJ1.A0'!S18*1.14 -> 91.2 | T18: 227
B19: 37000 | C19: 12.3 | D19: 12.3 | E19: 12.3 | F19: 216 | I19: 37000 | J19: 67 | K19: 67 | L19: 67 | M19: 216 | P19: 37000 | Q19: =+'M.CJ1.A0'!Q19*1.14 -> 96.9 | R19: =+'M.CJ1.A0'!R19*1.14 -> 96.9 | S19: =+'M.CJ1.A0'!S19*1.14 -> 96.9 | T19: 216
B20: 39000 | C20: 13 | D20: 13 | E20: 13 | F20: 206 | I20: 39000 | J20: 71 | K20: 71 | L20: 71 | M20: 206 | P20: 39000 | Q20: =+'M.CJ1.A0'!Q20*1.14 -> 102.6 | R20: =+'M.CJ1.A0'!R20*1.14 -> 102.6 | S20: =+'M.CJ1.A0'!S20*1.14 -> 102.6 | T20: 206
B21: 41000 | C21: 13.7 | D21: 13.7 | E21: 13.7 | F21: 196 | I21: 41000 | J21: 76 | K21: 76 | L21: 76 | M21: 196 | P21: 41000 | Q21: =+'M.CJ1.A0'!Q21*1.14 -> 108.3 | R21: =+'M.CJ1.A0'!R21*1.14 -> 108.3 | S21: =+'M.CJ1.A0'!S21*1.14 -> 108.3 | T21: 196

Sheet B.CJ1+.A0
C2: Min | K2: Distance (nm) | S2: Fuel (lbs)
B3: Weight at Descent | C3: 10000 | D3: 9000 | E3: 8000 | F3: 7000 | G3: KIAS | J3: Weight at Descent | K3: 10000 | L3: 9000 | M3: 8000 | N3: 7000 | O3: KIAS | R3: Weight at Descent | S3: 10000 | T3: 9000 | U3: 8000 | V3: 7000 | W3: KIAS
A4: Altitude | B4: 31000 | C4: 15.5 | D4: 15.5 | E4: 15.5 | F4: 15.5 | G4: 250 | I4: Altitude | J4: 31000 | K4: 82 | L4: 82 | M4: 82 | N4: 82 | O4: 250 | Q4: Altitude | R4: 31000 | S4: 162 | T4: 152 | U4: 144 | V4: 138 | W4: 250
B5: =B4+2000 -> 33000 | C5: 16.5 | D5: 16.5 | E5: 16.5 | F5: 16.5 | G5: 238 | J5: =J4+2000 -> 33000 | K5: 88 | L5: 88 | M5: 88 | N5: 88 | O5: 238 | R5: =R4+2000 -> 33000 | S5: 175 | T5: 164 | U5: 155 | V5: 149 | W5: 238
B6: =B5+2000 -> 35000 | C6: 17.5 | D6: 17.5 | E6: 17.5 | F6: 17.5 | G6: 227 | J6: =J5+2000 -> 35000 | K6: 95 | L6: 95 | M6: 95 | N6: 95 | O6: 227 | R6: =R5+2000 -> 35000 | S6: 188 | T6: 175 | U6: 166 | V6: 158 | W6: 227
B7: =B6+2000 -> 37000 | C7: 18.5 | D7: 18.5 | E7: 18.5 | F7: 18.5 | G7: 216 | J7: =J6+2000 -> 37000 | K7: 101 | L7: 101 | M7: 101 | N7: 101 | O7: 216 | R7: =R6+2000 -> 37000 | S7: 201 | T7: 187 | U7: 176 | V7: 168 | W7: 216
B8: =B7+2000 -> 39000 | C8: 19.4 | D8: 19.5 | E8: 19.5 | F8: 19.5 | G8: 206 | J8: =J7+2000 -> 39000 | K8: 107 | L8: 108 | M8: 108 | N8: 108 | O8: 206 | R8: =R7+2000 -> 39000 | S8: 212 | T8: 198 | U8: 186 | V8: 177 | W8: 206
B9: =B8+2000 -> 41000 | C9: 20.1 | D9: 20.4 | E9: 20.5 | F9: 20.5 | G9: 196 | J9: =J8+2000 -> 41000 | K9: 111 | L9: 113 | M9: 114 | N9: 114 | O9: 196 | R9: =R8+2000 -> 41000 | S9: 220 | T9: 208 | U9: 196 | V9: 185 | W9: 196
B12: HIGH SPEED DESCENT
C14: Min | K14: Distance (nm) | S14: Fuel (lbs)
B15: Weight at Descent | C15: 10000 | D15: 9000 | E15: 8000 | F15: 7000 | G15: KIAS | J15: Weight at Descent | K15: 10000 | L15: 9000 | M15: 8000 | N15: 7000 | O15: KIAS | R15: Weight at Descent | S15: 10000 | T15: 9000 | U15: 8000 | V15: 7000 | W15: KIAS
A16: Altitude | B16: 31000 | C16: 10.3 | D16: 10.3 | E16: 10.3 | F16: 10.3 | G16: 250 | I16: Altitude | J16: 31000 | K16: 54 | L16: 54 | M16: 54 | N16: 54 | O16: 250 | Q16: Altitude | R16: 31000 | S16: 66 | T16: 63 | U16: 61 | V16: 62 | W16: 250
B17: =B16+2000 -> 33000 | C17: 11 | D17: 11 | E17: 11 | F17: 11 | G17: 238 | J17: =J16+2000 -> 33000 | K17: 59 | L17: 59 | M17: 59 | N17: 59 | O17: 238 | R17: =R16+2000 -> 33000 | S17: 73 | T17: 69 | U17: 68 | V17: 68 | W17: 238
B18: =B17+2000 -> 35000 | C18: 11.7 | D18: 11.7 | E18: 11.7 | F18: 11.7 | G18: 227 | J18: =J17+2000 -> 35000 | K18: 63 | L18: 63 | M18: 63 | N18: 63 | O18: 227 | R18: =R17+2000 -> 35000 | S18: 80 | T18: 76 | U18: 73 | V18: 73 | W18: 227
B19: =B18+2000 -> 37000 | C19: 12.3 | D19: 12.3 | E19: 12.3 | F19: 12.3 | G19: 216 | J19: =J18+2000 -> 37000 | K19: 67 | L19: 67 | M19: 67 | N19: 67 | O19: 216 | R19: =R18+2000 -> 37000 | S19: 87 | T19: 82 | U19: 79 | V19: 78 | W19: 216
B20: =B19+2000 -> 39000 | C20: 13 | D20: 13 | E20: 13 | F20: 13 | G20: 206 | J20: =J19+2000 -> 39000 | K20: 72 | L20: 72 | M20: 72 | N20: 72 | O20: 206 | R20: =R19+2000 -> 39000 | S20: 93 | T20: 88 | U20: 84 | V20: 83 | W20: 206
B21: =B20+2000 -> 41000 | C21: 13.7 | D21: 13.7 | E21: 13.7 | F21: 13.7 | G21: 196 | J21: =J20+2000 -> 41000 | K21: 76 | L21: 76 | M21: 76 | N21: 76 | O21: 196 | R21: =R20+2000 -> 41000 | S21: 100 | T21: 94 | U21: 89 | V21: 88 | W21: 196

Sheet M.CJ1+.A0
C2: Min | K2: Distance (nm) | S2: Fuel (lbs)
B3: Weight at Descent | C3: 10000 | D3: 9000 | E3: 8000 | F3: 7000 | G3: KIAS | J3: Weight at Descent | K3: 10000 | L3: 9000 | M3: 8000 | N3: 7000 | O3: KIAS | R3: Weight at Descent | S3: 10000 | T3: 9000 | U3: 8000 | V3: 7000 | W3: KIAS
A4: Altitude | B4: 31000 | C4: 15.5 | D4: 15.5 | E4: 15.5 | F4: 15.5 | G4: 250 | I4: Altitude | J4: 31000 | K4: 82 | L4: 82 | M4: 82 | N4: 82 | O4: 250 | Q4: Altitude | R4: 31000 | S4: 162 | T4: 152 | U4: 144 | V4: 138 | W4: 250
B5: =B4+2000 -> 33000 | C5: 16.5 | D5: 16.5 | E5: 16.5 | F5: 16.5 | G5: 238 | J5: =J4+2000 -> 33000 | K5: 88 | L5: 88 | M5: 88 | N5: 88 | O5: 238 | R5: =R4+2000 -> 33000 | S5: 175 | T5: 164 | U5: 155 | V5: 149 | W5: 238
B6: =B5+2000 -> 35000 | C6: 17.5 | D6: 17.5 | E6: 17.5 | F6: 17.5 | G6: 227 | J6: =J5+2000 -> 35000 | K6: 95 | L6: 95 | M6: 95 | N6: 95 | O6: 227 | R6: =R5+2000 -> 35000 | S6: 188 | T6: 175 | U6: 166 | V6: 158 | W6: 227
B7: =B6+2000 -> 37000 | C7: 18.5 | D7: 18.5 | E7: 18.5 | F7: 18.5 | G7: 216 | J7: =J6+2000 -> 37000 | K7: 101 | L7: 101 | M7: 101 | N7: 101 | O7: 216 | R7: =R6+2000 -> 37000 | S7: 201 | T7: 187 | U7: 176 | V7: 168 | W7: 216
B8: =B7+2000 -> 39000 | C8: 19.4 | D8: 19.5 | E8: 19.5 | F8: 19.5 | G8: 206 | J8: =J7+2000 -> 39000 | K8: 107 | L8: 108 | M8: 108 | N8: 108 | O8: 206 | R8: =R7+2000 -> 39000 | S8: 212 | T8: 198 | U8: 186 | V8: 177 | W8: 206
B9: =B8+2000 -> 41000 | C9: 20.1 | D9: 20.4 | E9: 20.5 | F9: 20.5 | G9: 196 | J9: =J8+2000 -> 41000 | K9: 111 | L9: 113 | M9: 114 | N9: 114 | O9: 196 | R9: =R8+2000 -> 41000 | S9: 220 | T9: 208 | U9: 196 | V9: 185 | W9: 196
B12: HIGH SPEED DESCENT
C14: Min | K14: Distance (nm) | S14: Fuel (lbs)
B15: Weight at Descent | C15: 10000 | D15: 9000 | E15: 8000 | F15: 7000 | G15: KIAS | J15: Weight at Descent | K15: 10000 | L15: 9000 | M15: 8000 | N15: 7000 | O15: KIAS | R15: Weight at Descent | S15: 10000 | T15: 9000 | U15: 8000 | V15: 7000 | W15: KIAS
A16: Altitude | B16: 31000 | C16: 10.3 | D16: 10.3 | E16: 10.3 | F16: 10.3 | G16: 250 | I16: Altitude | J16: 31000 | K16: 54 | L16: 54 | M16: 54 | N16: 54 | O16: 250 | Q16: Altitude | R16: 31000 | S16: 66 | T16: 63 | U16: 61 | V16: 62 | W16: 250
B17: =B16+2000 -> 33000 | C17: 11 | D17: 11 | E17: 11 | F17: 11 | G17: 238 | J17: =J16+2000 -> 33000 | K17: 59 | L17: 59 | M17: 59 | N17: 59 | O17: 238 | R17: =R16+2000 -> 33000 | S17: 73 | T17: 69 | U17: 68 | V17: 68 | W17: 238
B18: =B17+2000 -> 35000 | C18: 11.7 | D18: 11.7 | E18: 11.7 | F18: 11.7 | G18: 227 | J18: =J17+2000 -> 35000 | K18: 63 | L18: 63 | M18: 63 | N18: 63 | O18: 227 | R18: =R17+2000 -> 35000 | S18: 80 | T18: 76 | U18: 73 | V18: 73 | W18: 227
B19: =B18+2000 -> 37000 | C19: 12.3 | D19: 12.3 | E19: 12.3 | F19: 12.3 | G19: 216 | J19: =J18+2000 -> 37000 | K19: 67 | L19: 67 | M19: 67 | N19: 67 | O19: 216 | R19: =R18+2000 -> 37000 | S19: 87 | T19: 82 | U19: 79 | V19: 78 | W19: 216
B20: =B19+2000 -> 39000 | C20: 13 | D20: 13 | E20: 13 | F20: 13 | G20: 206 | J20: =J19+2000 -> 39000 | K20: 72 | L20: 72 | M20: 72 | N20: 72 | O20: 206 | R20: =R19+2000 -> 39000 | S20: 93 | T20: 88 | U20: 84 | V20: 83 | W20: 206
B21: =B20+2000 -> 41000 | C21: 13.7 | D21: 13.7 | E21: 13.7 | F21: 13.7 | G21: 196 | J21: =J20+2000 -> 41000 | K21: 76 | L21: 76 | M21: 76 | N21: 76 | O21: 196 | R21: =R20+2000 -> 41000 | S21: 100 | T21: 94 | U21: 89 | V21: 88 | W21: 196

Sheet B.CJ1+.A1
C2: Min | K2: Distance (nm) | S2: Fuel (lbs)
B3: Weight at Descent | C3: 10000 | D3: 9000 | E3: 8000 | F3: 7000 | G3: KIAS | J3: Weight at Descent | K3: 10000 | L3: 9000 | M3: 8000 | N3: 7000 | O3: KIAS | R3: Weight at Descent | S3: 10000 | T3: 9000 | U3: 8000 | V3: 7000 | W3: KIAS
A4: Altitude | B4: 31000 | C4: 15.5 | D4: 15.5 | E4: 15.5 | F4: 15.5 | G4: 250 | I4: Altitude | J4: 31000 | K4: 82 | L4: 82 | M4: 82 | N4: 82 | O4: 250 | Q4: Altitude | R4: 31000 | S4: 180 | T4: 170 | U4: 161 | V4: 156 | W4: 250
B5: =B4+2000 -> 33000 | C5: 16.5 | D5: 16.5 | E5: 16.5 | F5: 16.5 | G5: 238 | J5: =J4+2000 -> 33000 | K5: 88 | L5: 88 | M5: 88 | N5: 88 | O5: 238 | R5: =R4+2000 -> 33000 | S5: 195 | T5: 183 | U5: 174 | V5: 167 | W5: 238
B6: =B5+2000 -> 35000 | C6: 17.5 | D6: 17.5 | E6: 17.5 | F6: 17.5 | G6: 227 | J6: =J5+2000 -> 35000 | K6: 95 | L6: 95 | M6: 95 | N6: 95 | O6: 227 | R6: =R5+2000 -> 35000 | S6: 209 | T6: 196 | U6: 186 | V6: 178 | W6: 227
B7: =B6+2000 -> 37000 | C7: 18.4 | D7: 18.5 | E7: 18.5 | F7: 18.5 | G7: 216 | J7: =J6+2000 -> 37000 | K7: 100 | L7: 101 | M7: 101 | N7: 101 | O7: 216 | R7: =R6+2000 -> 37000 | S7: 220 | T7: 208 | U7: 197 | V7: 189 | W7: 216
B8: =B7+2000 -> 39000 | C8: 19.1 | D8: 19.4 | E8: 19.5 | F8: 19.5 | G8: 206 | J8: =J7+2000 -> 39000 | K8: 105 | L8: 107 | M8: 108 | N8: 108 | O8: 206 | R8: =R7+2000 -> 39000 | S8: 228 | T8: 219 | U8: 208 | V8: 199 | W8: 206
B9: =B8+2000 -> 41000 | C9: 19.6 | D9: 20.1 | E9: 20.3 | F9: 20.5 | G9: 196 | J9: =J8+2000 -> 41000 | K9: 109 | L9: 111 | M9: 113 | N9: 114 | O9: 196 | R9: =R8+2000 -> 41000 | S9: 234 | T9: 226 | U9: 217 | V9: 209 | W9: 196
B12: HIGH SPEED DESCENT
C14: Min | K14: Distance (nm) | S14: Fuel (lbs)
B15: Weight at Descent | C15: 10000 | D15: 9000 | E15: 8000 | F15: 7000 | G15: KIAS | J15: Weight at Descent | K15: 10000 | L15: 9000 | M15: 8000 | N15: 7000 | O15: KIAS | R15: Weight at Descent | S15: 10000 | T15: 9000 | U15: 8000 | V15: 7000 | W15: KIAS
A16: Altitude | B16: 31000 | C16: 10.7 | D16: 10.8 | E16: 10.9 | F16: 10.9 | G16: 250 | I16: Altitude | J16: 31000 | K16: 56 | L16: 57 | M16: 57 | N16: 57 | O16: 250 | Q16: Altitude | R16: 31000 | S16: 86 | T16: 84 | U16: 82 | V16: 82 | W16: 250
B17: =B16+2000 -> 33000 | C17: 11.4 | D17: 11.5 | E17: 11.5 | F17: 11.5 | G17: 238 | J17: =J16+2000 -> 33000 | K17: 61 | L17: 61 | M17: 61 | N17: 61 | O17: 238 | R17: =R16+2000 -> 33000 | S17: 94 | T17: 91 | U17: 89 | V17: 88 | W17: 238
B18: =B17+2000 -> 35000 | C18: 12.1 | D18: 12.2 | E18: 12.2 | F18: 12.2 | G18: 227 | J18: =J17+2000 -> 35000 | K18: 65 | L18: 65 | M18: 65 | N18: 65 | O18: 227 | R18: =R17+2000 -> 35000 | S18: 101 | T18: 98 | U18: 96 | V18: 95 | W18: 227
B19: =B18+2000 -> 37000 | C19: 12.7 | D19: 12.8 | E19: 12.9 | F19: 12.9 | G19: 216 | J19: =J18+2000 -> 37000 | K19: 69 | L19: 70 | M19: 70 | N19: 70 | O19: 216 | R19: =R18+2000 -> 37000 | S19: 109 | T19: 105 | U19: 102 | V19: 100 | W19: 216
B20: =B19+2000 -> 39000 | C20: 13.4 | D20: 13.5 | E20: 13.5 | F20: 13.5 | G20: 206 | J20: =J19+2000 -> 39000 | K20: 73 | L20: 74 | M20: 74 | N20: 74 | O20: 206 | R20: =R19+2000 -> 39000 | S20: 116 | T20: 112 | U20: 108 | V20: 106 | W20: 206
B21: =B20+2000 -> 41000 | C21: 14 | D21: 14.1 | E21: 14.2 | F21: 14.2 | G21: 196 | J21: =J20+2000 -> 41000 | K21: 77 | L21: 78 | M21: 78 | N21: 78 | O21: 196 | R21: =R20+2000 -> 41000 | S21: 122 | T21: 119 | U21: 115 | V21: 111 | W21: 196

Sheet M.CJ1+.A1
C2: Min | K2: Distance (nm) | S2: Fuel (lbs)
B3: Weight at Descent | C3: 10000 | D3: 9000 | E3: 8000 | F3: 7000 | G3: KIAS | J3: Weight at Descent | K3: 10000 | L3: 9000 | M3: 8000 | N3: 7000 | O3: KIAS | R3: Weight at Descent | S3: 10000 | T3: 9000 | U3: 8000 | V3: 7000 | W3: KIAS
A4: Altitude | B4: 31000 | C4: =+'B.CJ1+.A1'!C4 -> 15.5 | D4: =+'B.CJ1+.A1'!D4 -> 15.5 | E4: =+'B.CJ1+.A1'!E4 -> 15.5 | F4: =+'B.CJ1+.A1'!F4 -> 15.5 | G4: 250 | I4: Altitude | J4: 31000 | K4: =+'B.CJ1+.A1'!K4 -> 82 | L4: =+'B.CJ1+.A1'!L4 -> 82 | M4: =+'B.CJ1+.A1'!M4 -> 82 | N4: =+'B.CJ1+.A1'!N4 -> 82 | O4: 250 | Q4: Altitude | R4: 31000 | S4: =+'B.CJ1+.A1'!S4 -> 180 | T4: =+'B.CJ1+.A1'!T4 -> 170 | U4: =+'B.CJ1+.A1'!U4 -> 161 | V4: =+'B.CJ1+.A1'!V4 -> 156 | W4: 250
B5: =B4+2000 -> 33000 | C5: =+'B.CJ1+.A1'!C5 -> 16.5 | D5: =+'B.CJ1+.A1'!D5 -> 16.5 | E5: =+'B.CJ1+.A1'!E5 -> 16.5 | F5: =+'B.CJ1+.A1'!F5 -> 16.5 | G5: 238 | J5: =J4+2000 -> 33000 | K5: =+'B.CJ1+.A1'!K5 -> 88 | L5: =+'B.CJ1+.A1'!L5 -> 88 | M5: =+'B.CJ1+.A1'!M5 -> 88 | N5: =+'B.CJ1+.A1'!N5 -> 88 | O5: 238 | R5: =R4+2000 -> 33000 | S5: =+'B.CJ1+.A1'!S5 -> 195 | T5: =+'B.CJ1+.A1'!T5 -> 183 | U5: =+'B.CJ1+.A1'!U5 -> 174 | V5: =+'B.CJ1+.A1'!V5 -> 167 | W5: 238
B6: =B5+2000 -> 35000 | C6: =+'B.CJ1+.A1'!C6 -> 17.5 | D6: =+'B.CJ1+.A1'!D6 -> 17.5 | E6: =+'B.CJ1+.A1'!E6 -> 17.5 | F6: =+'B.CJ1+.A1'!F6 -> 17.5 | G6: 227 | J6: =J5+2000 -> 35000 | K6: =+'B.CJ1+.A1'!K6 -> 95 | L6: =+'B.CJ1+.A1'!L6 -> 95 | M6: =+'B.CJ1+.A1'!M6 -> 95 | N6: =+'B.CJ1+.A1'!N6 -> 95 | O6: 227 | R6: =R5+2000 -> 35000 | S6: =+'B.CJ1+.A1'!S6 -> 209 | T6: =+'B.CJ1+.A1'!T6 -> 196 | U6: =+'B.CJ1+.A1'!U6 -> 186 | V6: =+'B.CJ1+.A1'!V6 -> 178 | W6: 227
B7: =B6+2000 -> 37000 | C7: =+'B.CJ1+.A1'!C7 -> 18.4 | D7: =+'B.CJ1+.A1'!D7 -> 18.5 | E7: =+'B.CJ1+.A1'!E7 -> 18.5 | F7: =+'B.CJ1+.A1'!F7 -> 18.5 | G7: 216 | J7: =J6+2000 -> 37000 | K7: =+'B.CJ1+.A1'!K7 -> 100 | L7: =+'B.CJ1+.A1'!L7 -> 101 | M7: =+'B.CJ1+.A1'!M7 -> 101 | N7: =+'B.CJ1+.A1'!N7 -> 101 | O7: 216 | R7: =R6+2000 -> 37000 | S7: =+'B.CJ1+.A1'!S7 -> 220 | T7: =+'B.CJ1+.A1'!T7 -> 208 | U7: =+'B.CJ1+.A1'!U7 -> 197 | V7: =+'B.CJ1+.A1'!V7 -> 189 | W7: 216
B8: =B7+2000 -> 39000 | C8: =+'B.CJ1+.A1'!C8 -> 19.1 | D8: =+'B.CJ1+.A1'!D8 -> 19.4 | E8: =+'B.CJ1+.A1'!E8 -> 19.5 | F8: =+'B.CJ1+.A1'!F8 -> 19.5 | G8: 206 | J8: =J7+2000 -> 39000 | K8: =+'B.CJ1+.A1'!K8 -> 105 | L8: =+'B.CJ1+.A1'!L8 -> 107 | M8: =+'B.CJ1+.A1'!M8 -> 108 | N8: =+'B.CJ1+.A1'!N8 -> 108 | O8: 206 | R8: =R7+2000 -> 39000 | S8: =+'B.CJ1+.A1'!S8 -> 228 | T8: =+'B.CJ1+.A1'!T8 -> 219 | U8: =+'B.CJ1+.A1'!U8 -> 208 | V8: =+'B.CJ1+.A1'!V8 -> 199 | W8: 206
B9: =B8+2000 -> 41000 | C9: =+'B.CJ1+.A1'!C9 -> 19.6 | D9: =+'B.CJ1+.A1'!D9 -> 20.1 | E9: =+'B.CJ1+.A1'!E9 -> 20.3 | F9: =+'B.CJ1+.A1'!F9 -> 20.5 | G9: 196 | J9: =J8+2000 -> 41000 | K9: =+'B.CJ1+.A1'!K9 -> 109 | L9: =+'B.CJ1+.A1'!L9 -> 111 | M9: =+'B.CJ1+.A1'!M9 -> 113 | N9: =+'B.CJ1+.A1'!N9 -> 114 | O9: 196 | R9: =R8+2000 -> 41000 | S9: =+'B.CJ1+.A1'!S9 -> 234 | T9: =+'B.CJ1+.A1'!T9 -> 226 | U9: =+'B.CJ1+.A1'!U9 -> 217 | V9: =+'B.CJ1+.A1'!V9 -> 209 | W9: 196
B12: HIGH SPEED DESCENT
C14: Min | K14: Distance (nm) | S14: Fuel (lbs)
B15: Weight at Descent | C15: 10000 | D15: 9000 | E15: 8000 | F15: 7000 | G15: KIAS | J15: Weight at Descent | K15: 10000 | L15: 9000 | M15: 8000 | N15: 7000 | O15: KIAS | R15: Weight at Descent | S15: 10000 | T15: 9000 | U15: 8000 | V15: 7000 | W15: KIAS
A16: Altitude | B16: 31000 | C16: =+'B.CJ1+.A1'!C16 -> 10.7 | D16: =+'B.CJ1+.A1'!D16 -> 10.8 | E16: =+'B.CJ1+.A1'!E16 -> 10.9 | F16: =+'B.CJ1+.A1'!F16 -> 10.9 | G16: 250 | I16: Altitude | J16: 31000 | K16: =+'B.CJ1+.A1'!K16 -> 56 | L16: =+'B.CJ1+.A1'!L16 -> 57 | M16: =+'B.CJ1+.A1'!M16 -> 57 | N16: =+'B.CJ1+.A1'!N16 -> 57 | O16: 250 | Q16: Altitude | R16: 31000 | S16: =+'B.CJ1+.A1'!S16 -> 86 | T16: =+'B.CJ1+.A1'!T16 -> 84 | U16: =+'B.CJ1+.A1'!U16 -> 82 | V16: =+'B.CJ1+.A1'!V16 -> 82 | W16: 250
B17: =B16+2000 -> 33000 | C17: =+'B.CJ1+.A1'!C17 -> 11.4 | D17: =+'B.CJ1+.A1'!D17 -> 11.5 | E17: =+'B.CJ1+.A1'!E17 -> 11.5 | F17: =+'B.CJ1+.A1'!F17 -> 11.5 | G17: 238 | J17: =J16+2000 -> 33000 | K17: =+'B.CJ1+.A1'!K17 -> 61 | L17: =+'B.CJ1+.A1'!L17 -> 61 | M17: =+'B.CJ1+.A1'!M17 -> 61 | N17: =+'B.CJ1+.A1'!N17 -> 61 | O17: 238 | R17: =R16+2000 -> 33000 | S17: =+'B.CJ1+.A1'!S17 -> 94 | T17: =+'B.CJ1+.A1'!T17 -> 91 | U17: =+'B.CJ1+.A1'!U17 -> 89 | V17: =+'B.CJ1+.A1'!V17 -> 88 | W17: 238
B18: =B17+2000 -> 35000 | C18: =+'B.CJ1+.A1'!C18 -> 12.1 | D18: =+'B.CJ1+.A1'!D18 -> 12.2 | E18: =+'B.CJ1+.A1'!E18 -> 12.2 | F18: =+'B.CJ1+.A1'!F18 -> 12.2 | G18: 227 | J18: =J17+2000 -> 35000 | K18: =+'B.CJ1+.A1'!K18 -> 65 | L18: =+'B.CJ1+.A1'!L18 -> 65 | M18: =+'B.CJ1+.A1'!M18 -> 65 | N18: =+'B.CJ1+.A1'!N18 -> 65 | O18: 227 | R18: =R17+2000 -> 35000 | S18: =+'B.CJ1+.A1'!S18 -> 101 | T18: =+'B.CJ1+.A1'!T18 -> 98 | U18: =+'B.CJ1+.A1'!U18 -> 96 | V18: =+'B.CJ1+.A1'!V18 -> 95 | W18: 227
B19: =B18+2000 -> 37000 | C19: =+'B.CJ1+.A1'!C19 -> 12.7 | D19: =+'B.CJ1+.A1'!D19 -> 12.8 | E19: =+'B.CJ1+.A1'!E19 -> 12.9 | F19: =+'B.CJ1+.A1'!F19 -> 12.9 | G19: 216 | J19: =J18+2000 -> 37000 | K19: =+'B.CJ1+.A1'!K19 -> 69 | L19: =+'B.CJ1+.A1'!L19 -> 70 | M19: =+'B.CJ1+.A1'!M19 -> 70 | N19: =+'B.CJ1+.A1'!N19 -> 70 | O19: 216 | R19: =R18+2000 -> 37000 | S19: =+'B.CJ1+.A1'!S19 -> 109 | T19: =+'B.CJ1+.A1'!T19 -> 105 | U19: =+'B.CJ1+.A1'!U19 -> 102 | V19: =+'B.CJ1+.A1'!V19 -> 100 | W19: 216
B20: =B19+2000 -> 39000 | C20: =+'B.CJ1+.A1'!C20 -> 13.4 | D20: =+'B.CJ1+.A1'!D20 -> 13.5 | E20: =+'B.CJ1+.A1'!E20 -> 13.5 | F20: =+'B.CJ1+.A1'!F20 -> 13.5 | G20: 206 | J20: =J19+2000 -> 39000 | K20: =+'B.CJ1+.A1'!K20 -> 73 | L20: =+'B.CJ1+.A1'!L20 -> 74 | M20: =+'B.CJ1+.A1'!M20 -> 74 | N20: =+'B.CJ1+.A1'!N20 -> 74 | O20: 206 | R20: =R19+2000 -> 39000 | S20: =+'B.CJ1+.A1'!S20 -> 116 | T20: =+'B.CJ1+.A1'!T20 -> 112 | U20: =+'B.CJ1+.A1'!U20 -> 108 | V20: =+'B.CJ1+.A1'!V20 -> 106 | W20: 206
B21: =B20+2000 -> 41000 | C21: =+'B.CJ1+.A1'!C21 -> 14 | D21: =+'B.CJ1+.A1'!D21 -> 14.1 | E21: =+'B.CJ1+.A1'!E21 -> 14.2 | F21: =+'B.CJ1+.A1'!F21 -> 14.2 | G21: 196 | J21: =J20+2000 -> 41000 | K21: =+'B.CJ1+.A1'!K21 -> 77 | L21: =+'B.CJ1+.A1'!L21 -> 78 | M21: =+'B.CJ1+.A1'!M21 -> 78 | N21: =+'B.CJ1+.A1'!N21 -> 78 | O21: 196 | R21: =R20+2000 -> 41000 | S21: =+'B.CJ1+.A1'!S21 -> 122 | T21: =+'B.CJ1+.A1'!T21 -> 119 | U21: =+'B.CJ1+.A1'!U21 -> 115 | V21: =+'B.CJ1+.A1'!V21 -> 111 | W21: 196

Sheet B.M2.A0
C2: Min | K2: Distance (nm) | S2: Fuel (lbs)
B3: Weight at Descent | C3: 10000 | D3: 9000 | E3: 8000 | F3: 7000 | G3: KIAS | J3: Weight at Descent | K3: 10000 | L3: 9000 | M3: 8000 | N3: 7000 | O3: KIAS | R3: Weight at Descent | S3: 10000 | T3: 9000 | U3: 8000 | V3: 7000 | W3: KIAS
A4: Altitude | B4: 31000 | C4: 15.5 | D4: 15.5 | E4: 15.5 | F4: 15.5 | G4: 250 | I4: Altitude | J4: 31000 | K4: 82 | L4: 82 | M4: 82 | N4: 82 | O4: 250 | Q4: Altitude | R4: 31000 | S4: 155 | T4: 144 | U4: 136 | V4: 131 | W4: 250
B5: =B4+2000 -> 33000 | C5: 16.5 | D5: 16.5 | E5: 16.5 | F5: 16.5 | G5: 238 | J5: =J4+2000 -> 33000 | K5: 88 | L5: 88 | M5: 88 | N5: 88 | O5: 238 | R5: =R4+2000 -> 33000 | S5: 167 | T5: 156 | U5: 147 | V5: 141 | W5: 238
B6: =B5+2000 -> 35000 | C6: 17.5 | D6: 17.5 | E6: 17.5 | F6: 17.5 | G6: 227 | J6: =J5+2000 -> 35000 | K6: 95 | L6: 95 | M6: 95 | N6: 95 | O6: 227 | R6: =R5+2000 -> 35000 | S6: 180 | T6: 167 | U6: 158 | V6: 150 | W6: 227
B7: =B6+2000 -> 37000 | C7: 18.5 | D7: 18.5 | E7: 18.5 | F7: 18.5 | G7: 216 | J7: =J6+2000 -> 37000 | K7: 101 | L7: 101 | M7: 101 | N7: 101 | O7: 216 | R7: =R6+2000 -> 37000 | S7: 192 | T7: 178 | U7: 167 | V7: 160 | W7: 216
B8: =B7+2000 -> 39000 | C8: 19.5 | D8: 19.5 | E8: 19.5 | F8: 19.5 | G8: 206 | J8: =J7+2000 -> 39000 | K8: 107 | L8: 108 | M8: 108 | N8: 108 | O8: 206 | R8: =R7+2000 -> 39000 | S8: 204 | T8: 189 | U8: 177 | V8: 168 | W8: 206
B9: =B8+2000 -> 41000 | C9: 20.3 | D9: 20.5 | E9: 20.5 | F9: 20.5 | G9: 196 | J9: =J8+2000 -> 41000 | K9: 112 | L9: 114 | M9: 114 | N9: 114 | O9: 196 | R9: =R8+2000 -> 41000 | S9: 213 | T9: 200 | U9: 187 | V9: 177 | W9: 196
B12: HIGH SPEED DESCENT
C14: Min | K14: Distance (nm) | S14: Fuel (lbs)
B15: Weight at Descent | C15: 10000 | D15: 9000 | E15: 8000 | F15: 7000 | G15: KIAS | J15: Weight at Descent | K15: 10000 | L15: 9000 | M15: 8000 | N15: 7000 | O15: KIAS | R15: Weight at Descent | S15: 10000 | T15: 9000 | U15: 8000 | V15: 7000 | W15: KIAS
A16: Altitude | B16: 31000 | C16: 10.3 | D16: 10.3 | E16: 10.3 | F16: 10.3 | G16: 250 | I16: Altitude | J16: 31000 | K16: 54 | L16: 54 | M16: 54 | N16: 54 | O16: 250 | Q16: Altitude | R16: 31000 | S16: 62 | T16: 59 | U16: 58 | V16: 58 | W16: 250
B17: =B16+2000 -> 33000 | C17: 11 | D17: 11 | E17: 11 | F17: 11 | G17: 238 | J17: =J16+2000 -> 33000 | K17: 59 | L17: 59 | M17: 59 | N17: 59 | O17: 238 | R17: =R16+2000 -> 33000 | S17: 69 | T17: 66 | U17: 64 | V17: 64 | W17: 238
B18: =B17+2000 -> 35000 | C18: 11.7 | D18: 11.7 | E18: 11.7 | F18: 11.7 | G18: 227 | J18: =J17+2000 -> 35000 | K18: 63 | L18: 63 | M18: 63 | N18: 63 | O18: 227 | R18: =R17+2000 -> 35000 | S18: 76 | T18: 72 | U18: 69 | V18: 69 | W18: 227
B19: =B18+2000 -> 37000 | C19: 12.3 | D19: 12.3 | E19: 12.3 | F19: 12.3 | G19: 216 | J19: =J18+2000 -> 37000 | K19: 67 | L19: 67 | M19: 67 | N19: 67 | O19: 216 | R19: =R18+2000 -> 37000 | S19: 82 | T19: 78 | U19: 75 | V19: 74 | W19: 216
B20: =B19+2000 -> 39000 | C20: 13 | D20: 13 | E20: 13 | F20: 13 | G20: 206 | J20: =J19+2000 -> 39000 | K20: 71 | L20: 71 | M20: 71 | N20: 71 | O20: 206 | R20: =R19+2000 -> 39000 | S20: 89 | T20: 83 | U20: 80 | V20: 78 | W20: 206
B21: =B20+2000 -> 41000 | C21: 13.7 | D21: 13.7 | E21: 13.7 | F21: 13.7 | G21: 196 | J21: =J20+2000 -> 41000 | K21: 76 | L21: 76 | M21: 76 | N21: 76 | O21: 196 | R21: =R20+2000 -> 41000 | S21: 96 | T21: 89 | U21: 85 | V21: 83 | W21: 196

Sheet M.M2.A0
C2: Min | K2: Distance (nm) | S2: Fuel (lbs)
B3: Weight at Descent | C3: 10000 | D3: 9000 | E3: 8000 | F3: 7000 | G3: KIAS | J3: Weight at Descent | K3: 10000 | L3: 9000 | M3: 8000 | N3: 7000 | O3: KIAS | R3: Weight at Descent | S3: 10000 | T3: 9000 | U3: 8000 | V3: 7000 | W3: KIAS
A4: Altitude | B4: 31000 | C4: 15.5 | D4: 15.5 | E4: 15.5 | F4: 15.5 | G4: 250 | I4: Altitude | J4: 31000 | K4: 82 | L4: 82 | M4: 82 | N4: 82 | O4: 250 | Q4: Altitude | R4: 31000 | S4: 155 | T4: 144 | U4: 136 | V4: 131 | W4: 250
B5: =B4+2000 -> 33000 | C5: 16.5 | D5: 16.5 | E5: 16.5 | F5: 16.5 | G5: 238 | J5: =J4+2000 -> 33000 | K5: 88 | L5: 88 | M5: 88 | N5: 88 | O5: 238 | R5: =R4+2000 -> 33000 | S5: 167 | T5: 156 | U5: 147 | V5: 141 | W5: 238
B6: =B5+2000 -> 35000 | C6: 17.5 | D6: 17.5 | E6: 17.5 | F6: 17.5 | G6: 227 | J6: =J5+2000 -> 35000 | K6: 95 | L6: 95 | M6: 95 | N6: 95 | O6: 227 | R6: =R5+2000 -> 35000 | S6: 180 | T6: 167 | U6: 158 | V6: 150 | W6: 227
B7: =B6+2000 -> 37000 | C7: 18.5 | D7: 18.5 | E7: 18.5 | F7: 18.5 | G7: 216 | J7: =J6+2000 -> 37000 | K7: 101 | L7: 101 | M7: 101 | N7: 101 | O7: 216 | R7: =R6+2000 -> 37000 | S7: 192 | T7: 178 | U7: 167 | V7: 160 | W7: 216
B8: =B7+2000 -> 39000 | C8: 19.5 | D8: 19.5 | E8: 19.5 | F8: 19.5 | G8: 206 | J8: =J7+2000 -> 39000 | K8: 107 | L8: 108 | M8: 108 | N8: 108 | O8: 206 | R8: =R7+2000 -> 39000 | S8: 204 | T8: 189 | U8: 177 | V8: 168 | W8: 206
B9: =B8+2000 -> 41000 | C9: 20.3 | D9: 20.5 | E9: 20.5 | F9: 20.5 | G9: 196 | J9: =J8+2000 -> 41000 | K9: 112 | L9: 114 | M9: 114 | N9: 114 | O9: 196 | R9: =R8+2000 -> 41000 | S9: 213 | T9: 200 | U9: 187 | V9: 177 | W9: 196
B12: HIGH SPEED DESCENT
C14: Min | K14: Distance (nm) | S14: Fuel (lbs)
B15: Weight at Descent | C15: 10000 | D15: 9000 | E15: 8000 | F15: 7000 | G15: KIAS | J15: Weight at Descent | K15: 10000 | L15: 9000 | M15: 8000 | N15: 7000 | O15: KIAS | R15: Weight at Descent | S15: 10000 | T15: 9000 | U15: 8000 | V15: 7000 | W15: KIAS
A16: Altitude | B16: 31000 | C16: 10.3 | D16: 10.3 | E16: 10.3 | F16: 10.3 | G16: 250 | I16: Altitude | J16: 31000 | K16: 54 | L16: 54 | M16: 54 | N16: 54 | O16: 250 | Q16: Altitude | R16: 31000 | S16: 62 | T16: 59 | U16: 58 | V16: 58 | W16: 250
B17: =B16+2000 -> 33000 | C17: 11 | D17: 11 | E17: 11 | F17: 11 | G17: 238 | J17: =J16+2000 -> 33000 | K17: 59 | L17: 59 | M17: 59 | N17: 59 | O17: 238 | R17: =R16+2000 -> 33000 | S17: 69 | T17: 66 | U17: 64 | V17: 64 | W17: 238
B18: =B17+2000 -> 35000 | C18: 11.7 | D18: 11.7 | E18: 11.7 | F18: 11.7 | G18: 227 | J18: =J17+2000 -> 35000 | K18: 63 | L18: 63 | M18: 63 | N18: 63 | O18: 227 | R18: =R17+2000 -> 35000 | S18: 76 | T18: 72 | U18: 69 | V18: 69 | W18: 227
B19: =B18+2000 -> 37000 | C19: 12.3 | D19: 12.3 | E19: 12.3 | F19: 12.3 | G19: 216 | J19: =J18+2000 -> 37000 | K19: 67 | L19: 67 | M19: 67 | N19: 67 | O19: 216 | R19: =R18+2000 -> 37000 | S19: 82 | T19: 78 | U19: 75 | V19: 74 | W19: 216
B20: =B19+2000 -> 39000 | C20: 13 | D20: 13 | E20: 13 | F20: 13 | G20: 206 | J20: =J19+2000 -> 39000 | K20: 71 | L20: 71 | M20: 71 | N20: 71 | O20: 206 | R20: =R19+2000 -> 39000 | S20: 89 | T20: 83 | U20: 80 | V20: 78 | W20: 206
B21: =B20+2000 -> 41000 | C21: 13.7 | D21: 13.7 | E21: 13.7 | F21: 13.7 | G21: 196 | J21: =J20+2000 -> 41000 | K21: 76 | L21: 76 | M21: 76 | N21: 76 | O21: 196 | R21: =R20+2000 -> 41000 | S21: 96 | T21: 89 | U21: 85 | V21: 83 | W21: 196

Sheet B.M2.A1
C2: Min | K2: Distance (nm) | S2: Fuel (lbs)
B3: Weight at Descent | C3: 10000 | D3: 9000 | E3: 8000 | F3: 7000 | G3: KIAS | J3: Weight at Descent | K3: 10000 | L3: 9000 | M3: 8000 | N3: 7000 | O3: KIAS | R3: Weight at Descent | S3: 10000 | T3: 9000 | U3: 8000 | V3: 7000 | W3: KIAS
A4: Altitude | B4: 31000 | C4: 15.5 | D4: 15.5 | E4: 15.5 | F4: 15.5 | G4: 250 | I4: Altitude | J4: 31000 | K4: 82 | L4: 82 | M4: 82 | N4: 82 | O4: 250 | Q4: Altitude | R4: 31000 | S4: 173 | T4: 163 | U4: 155 | V4: 149 | W4: 250
B5: =B4+2000 -> 33000 | C5: 16.5 | D5: 16.5 | E5: 16.5 | F5: 16.5 | G5: 238 | J5: =J4+2000 -> 33000 | K5: 88 | L5: 88 | M5: 88 | N5: 88 | O5: 238 | R5: =R4+2000 -> 33000 | S5: 187 | T5: 176 | U5: 167 | V5: 160 | W5: 238
B6: =B5+2000 -> 35000 | C6: 17.5 | D6: 17.5 | E6: 17.5 | F6: 17.5 | G6: 227 | J6: =J5+2000 -> 35000 | K6: 95 | L6: 95 | M6: 95 | N6: 95 | O6: 227 | R6: =R5+2000 -> 35000 | S6: 201 | T6: 188 | U6: 178 | V6: 171 | W6: 227
B7: =B6+2000 -> 37000 | C7: 18.5 | D7: 18.5 | E7: 18.5 | F7: 18.5 | G7: 216 | J7: =J6+2000 -> 37000 | K7: 101 | L7: 101 | M7: 101 | N7: 101 | O7: 216 | R7: =R6+2000 -> 37000 | S7: 214 | T7: 200 | U7: 189 | V7: 181 | W7: 216
B8: =B7+2000 -> 39000 | C8: 19.2 | D8: 19.4 | E8: 19.5 | F8: 19.5 | G8: 206 | J8: =J7+2000 -> 39000 | K8: 106 | L8: 107 | M8: 107 | N8: 107 | O8: 206 | R8: =R7+2000 -> 39000 | S8: 223 | T8: 211 | U8: 200 | V8: 191 | W8: 206
B9: =B8+2000 -> 41000 | C9: 19.8 | D9: 20.2 | E9: 20.4 | F9: 20.5 | G9: 196 | J9: =J8+2000 -> 41000 | K9: 109 | L9: 112 | M9: 113 | N9: 114 | O9: 196 | R9: =R8+2000 -> 41000 | S9: 229 | T9: 219 | U9: 209 | V9: 201 | W9: 196
B12: HIGH SPEED DESCENT
C14: Min | K14: Distance (nm) | S14: Fuel (lbs)
B15: Weight at Descent | C15: 10000 | D15: 9000 | E15: 8000 | F15: 7000 | G15: KIAS | J15: Weight at Descent | K15: 10000 | L15: 9000 | M15: 8000 | N15: 7000 | O15: KIAS | R15: Weight at Descent | S15: 10000 | T15: 9000 | U15: 8000 | V15: 7000 | W15: KIAS
A16: Altitude | B16: 31000 | C16: 10.8 | D16: 10.9 | E16: 11 | F16: 11 | G16: 250 | I16: Altitude | J16: 31000 | K16: 56 | L16: 57 | M16: 57 | N16: 57 | O16: 250 | Q16: Altitude | R16: 31000 | S16: 84 | T16: 82 | U16: 81 | V16: 81 | W16: 250
B17: =B16+2000 -> 33000 | C17: 11.5 | D17: 11.6 | E17: 11.7 | F17: 11.7 | G17: 238 | J17: =J16+2000 -> 33000 | K17: 61 | L17: 61 | M17: 62 | N17: 62 | O17: 238 | R17: =R16+2000 -> 33000 | S17: 92 | T17: 89 | U17: 88 | V17: 87 | W17: 238
B18: =B17+2000 -> 35000 | C18: 12.2 | D18: 12.3 | E18: 12.4 | F18: 12.4 | G18: 227 | J18: =J17+2000 -> 35000 | K18: 65 | L18: 66 | M18: 66 | N18: 66 | O18: 227 | R18: =R17+2000 -> 35000 | S18: 99 | T18: 96 | U18: 94 | V18: 93 | W18: 227
B19: =B18+2000 -> 37000 | C19: 12.8 | D19: 12.9 | E19: 13 | F19: 13 | G19: 216 | J19: =J18+2000 -> 37000 | K19: 69 | L19: 70 | M19: 70 | N19: 70 | O19: 216 | R19: =R18+2000 -> 37000 | S19: 106 | T19: 103 | U19: 100 | V19: 99 | W19: 216
B20: =B19+2000 -> 39000 | C20: 13.5 | D20: 13.6 | E20: 13.7 | F20: 13.7 | G20: 206 | J20: =J19+2000 -> 39000 | K20: 74 | L20: 74 | M20: 74 | N20: 74 | O20: 206 | R20: =R19+2000 -> 39000 | S20: 114 | T20: 110 | U20: 106 | V20: 104 | W20: 206
B21: =B20+2000 -> 41000 | C21: 14.1 | D21: 14.3 | E21: 14.4 | F21: 14.4 | G21: 196 | J21: =J20+2000 -> 41000 | K21: 77 | L21: 78 | M21: 79 | N21: 79 | O21: 196 | R21: =R20+2000 -> 41000 | S21: 120 | T21: 116 | U21: 112 | V21: 109 | W21: 196

Sheet M.M2.A1
C2: Min | K2: Distance (nm) | S2: Fuel (lbs)
B3: Weight at Descent | C3: 10000 | D3: 9000 | E3: 8000 | F3: 7000 | G3: KIAS | J3: Weight at Descent | K3: 10000 | L3: 9000 | M3: 8000 | N3: 7000 | O3: KIAS | R3: Weight at Descent | S3: 10000 | T3: 9000 | U3: 8000 | V3: 7000 | W3: KIAS
A4: Altitude | B4: 31000 | C4: 15.5 | D4: 15.5 | E4: 15.5 | F4: 15.5 | G4: 250 | I4: Altitude | J4: 31000 | K4: 82 | L4: 82 | M4: 82 | N4: 82 | O4: 250 | Q4: Altitude | R4: 31000 | S4: 173 | T4: 163 | U4: 155 | V4: 149 | W4: 250
B5: =B4+2000 -> 33000 | C5: 16.5 | D5: 16.5 | E5: 16.5 | F5: 16.5 | G5: 238 | J5: =J4+2000 -> 33000 | K5: 88 | L5: 88 | M5: 88 | N5: 88 | O5: 238 | R5: =R4+2000 -> 33000 | S5: 187 | T5: 176 | U5: 167 | V5: 160 | W5: 238
B6: =B5+2000 -> 35000 | C6: 17.5 | D6: 17.5 | E6: 17.5 | F6: 17.5 | G6: 227 | J6: =J5+2000 -> 35000 | K6: 95 | L6: 95 | M6: 95 | N6: 95 | O6: 227 | R6: =R5+2000 -> 35000 | S6: 201 | T6: 188 | U6: 178 | V6: 171 | W6: 227
B7: =B6+2000 -> 37000 | C7: 18.5 | D7: 18.5 | E7: 18.5 | F7: 18.5 | G7: 216 | J7: =J6+2000 -> 37000 | K7: 101 | L7: 101 | M7: 101 | N7: 101 | O7: 216 | R7: =R6+2000 -> 37000 | S7: 214 | T7: 200 | U7: 189 | V7: 181 | W7: 216
B8: =B7+2000 -> 39000 | C8: 19.2 | D8: 19.4 | E8: 19.5 | F8: 19.5 | G8: 206 | J8: =J7+2000 -> 39000 | K8: 106 | L8: 107 | M8: 107 | N8: 107 | O8: 206 | R8: =R7+2000 -> 39000 | S8: 223 | T8: 211 | U8: 200 | V8: 191 | W8: 206
B9: =B8+2000 -> 41000 | C9: 19.8 | D9: 20.2 | E9: 20.4 | F9: 20.5 | G9: 196 | J9: =J8+2000 -> 41000 | K9: 109 | L9: 112 | M9: 113 | N9: 114 | O9: 196 | R9: =R8+2000 -> 41000 | S9: 229 | T9: 219 | U9: 209 | V9: 201 | W9: 196
B12: HIGH SPEED DESCENT
C14: Min | K14: Distance (nm) | S14: Fuel (lbs)
B15: Weight at Descent | C15: 10000 | D15: 9000 | E15: 8000 | F15: 7000 | G15: KIAS | J15: Weight at Descent | K15: 10000 | L15: 9000 | M15: 8000 | N15: 7000 | O15: KIAS | R15: Weight at Descent | S15: 10000 | T15: 9000 | U15: 8000 | V15: 7000 | W15: KIAS
A16: Altitude | B16: 31000 | C16: 10.8 | D16: 10.9 | E16: 11 | F16: 11 | G16: 250 | I16: Altitude | J16: 31000 | K16: 56 | L16: 57 | M16: 57 | N16: 57 | O16: 250 | Q16: Altitude | R16: 31000 | S16: 84 | T16: 82 | U16: 81 | V16: 81 | W16: 250
B17: =B16+2000 -> 33000 | C17: 11.5 | D17: 11.6 | E17: 11.7 | F17: 11.7 | G17: 238 | J17: =J16+2000 -> 33000 | K17: 61 | L17: 61 | M17: 62 | N17: 62 | O17: 238 | R17: =R16+2000 -> 33000 | S17: 92 | T17: 89 | U17: 88 | V17: 87 | W17: 238
B18: =B17+2000 -> 35000 | C18: 12.2 | D18: 12.3 | E18: 12.4 | F18: 12.4 | G18: 227 | J18: =J17+2000 -> 35000 | K18: 65 | L18: 66 | M18: 66 | N18: 66 | O18: 227 | R18: =R17+2000 -> 35000 | S18: 99 | T18: 96 | U18: 94 | V18: 93 | W18: 227
B19: =B18+2000 -> 37000 | C19: 12.8 | D19: 12.9 | E19: 13 | F19: 13 | G19: 216 | J19: =J18+2000 -> 37000 | K19: 69 | L19: 70 | M19: 70 | N19: 70 | O19: 216 | R19: =R18+2000 -> 37000 | S19: 106 | T19: 103 | U19: 100 | V19: 99 | W19: 216
B20: =B19+2000 -> 39000 | C20: 13.5 | D20: 13.6 | E20: 13.7 | F20: 13.7 | G20: 206 | J20: =J19+2000 -> 39000 | K20: 74 | L20: 74 | M20: 74 | N20: 74 | O20: 206 | R20: =R19+2000 -> 39000 | S20: 114 | T20: 110 | U20: 106 | V20: 104 | W20: 206
B21: =B20+2000 -> 41000 | C21: 14.1 | D21: 14.3 | E21: 14.4 | F21: 14.4 | G21: 196 | J21: =J20+2000 -> 41000 | K21: 77 | L21: 78 | M21: 79 | N21: 79 | O21: 196 | R21: =R20+2000 -> 41000 | S21: 120 | T21: 116 | U21: 112 | V21: 109 | W21: 196

Sheet B.CJ2.A0
C2: Min | J2: Distance (NM) | Q2: Fuel lbs
B3: Weight at Descent | C3: 11500 | D3: 10000 | E3: 9000 | F3: KIAS | I3: Weight at Descent | J3: 11500 | K3: 10000 | L3: 9000 | M3: KIAS | P3: Weight at Descent | Q3: 11500 | R3: 10000 | S3: 9000 | T3: KIAS
A4: Altitude | B4: 35000 | C4: 17.5 | D4: 17.5 | E4: 17.5 | F4: 229 | H4: Altitude | I4: 35000 | J4: 98 | K4: 98 | L4: 98 | M4: 229 | O4: Altitude | P4: 35000 | Q4: 148 | R4: 161 | S4: 170 | T4: 229
B5: =B4+2000 -> 37000 | C5: 18.5 | D5: 18.5 | E5: 18.5 | F5: 218 | I5: =I4+2000 -> 37000 | J5: 104 | K5: 104 | L5: 104 | M5: 218 | P5: =P4+2000 -> 37000 | Q5: 155 | R5: 168 | S5: 178 | T5: 218
B6: =B5+2000 -> 39000 | C6: 19.5 | D6: 19.5 | E6: 19.5 | F6: 208 | I6: =I5+2000 -> 39000 | J6: 111 | K6: 111 | L6: 111 | M6: 208 | P6: =P5+2000 -> 39000 | Q6: 161 | R6: 174 | S6: 184 | T6: 208
B7: =B6+2000 -> 41000 | C7: 20.5 | D7: 20.5 | E7: 20.5 | F7: 198 | I7: =I6+2000 -> 41000 | J7: 117 | K7: 117 | L7: 117 | M7: 198 | P7: =P6+2000 -> 41000 | Q7: 166 | R7: 180 | S7: 190 | T7: 198
B8: =B7+2000 -> 43000 | C8: 21.5 | D8: 21.5 | E8: 21.5 | F8: 188 | I8: =I7+2000 -> 43000 | J8: 124 | K8: 123 | L8: 123 | M8: 188 | P8: =P7+2000 -> 43000 | Q8: 170 | R8: 185 | S8: 195 | T8: 188
B9: =B8+2000 -> 45000 | C9: 22.5 | D9: 22.5 | E9: 22.5 | F9: 179 | I9: =I8+2000 -> 45000 | J9: 130 | K9: 130 | L9: 130 | M9: 179 | P9: =P8+2000 -> 45000 | Q9: 174 | R9: 189 | S9: 199 | T9: 179
B12: HIGH SPEED DESCENT
C14: Min | J14: Distance (NM) | Q14: Fuel lbs
B15: Weight at Descent | C15: 11500 | D15: 10000 | E15: 9000 | F15: KIAS | I15: Weight at Descent | J15: 11500 | K15: 10000 | L15: 9000 | M15: KIAS | P15: Weight at Descent | Q15: 11500 | R15: 10000 | S15: 9000 | T15: KIAS
A16: Altitude | B16: 35000 | C16: 12.7 | D16: 12.2 | E16: 11.9 | F16: 229 | H16: Altitude | I16: 35000 | J16: 69 | K16: 67 | L16: 66 | M16: 229 | O16: Altitude | P16: 35000 | Q16: 68 | R16: 74 | S16: 79 | T16: 229
B17: =B16+2000 -> 37000 | C17: 13.3 | D17: 12.8 | E17: 12.5 | F17: 218 | I17: =I16+2000 -> 37000 | J17: 74 | K17: 72 | L17: 70 | M17: 218 | P17: =P16+2000 -> 37000 | Q17: 70 | R17: 78 | S17: 83 | T17: 218
B18: =B17+2000 -> 39000 | C18: 14 | D18: 13.5 | E18: 13.2 | F18: 208 | I18: =I17+2000 -> 39000 | J18: 78 | K18: 76 | L18: 74 | M18: 208 | P18: =P17+2000 -> 39000 | Q18: 72 | R18: 80 | S18: 86 | T18: 208
B19: =B18+2000 -> 41000 | C19: 14.7 | D19: 14.2 | E19: 13.9 | F19: 198 | I19: =I18+2000 -> 41000 | J19: 83 | K19: 80 | L19: 79 | M19: 198 | P19: =P18+2000 -> 41000 | Q19: 74 | R19: 82 | S19: 88 | T19: 198
B20: =B19+2000 -> 43000 | C20: 15.5 | D20: 14.9 | E20: 14.6 | F20: 188 | I20: =I19+2000 -> 43000 | J20: 88 | K20: 85 | L20: 83 | M20: 188 | P20: =P19+2000 -> 43000 | Q20: 77 | R20: 84 | S20: 90 | T20: 188
B21: =B20+2000 -> 45000 | C21: 16.4 | D21: 15.7 | E21: 15.3 | F21: 179 | I21: =I20+2000 -> 45000 | J21: 93 | K21: 90 | L21: 88 | M21: 179 | P21: =P20+2000 -> 45000 | Q21: 79 | R21: 86 | S21: 92 | T21: 179

Sheet M.CJ2.A0
C2: Min | J2: Distance (NM) | Q2: Fuel lbs
B3: Weight at Descent | C3: 11500 | D3: 10000 | E3: 9000 | F3: KIAS | I3: Weight at Descent | J3: 11500 | K3: 10000 | L3: 9000 | M3: KIAS | P3: Weight at Descent | Q3: 11500 | R3: 10000 | S3: 9000 | T3: KIAS
A4: Altitude | B4: 35000 | C4: 17.5 | D4: 17.5 | E4: 17.5 | F4: 229 | H4: Altitude | I4: 35000 | J4: 98 | K4: 98 | L4: 98 | M4: 229 | O4: Altitude | P4: 35000 | Q4: 148 | R4: 161 | S4: 170 | T4: 229
B5: =B4+2000 -> 37000 | C5: 18.5 | D5: 18.5 | E5: 18.5 | F5: 218 | I5: =I4+2000 -> 37000 | J5: 104 | K5: 104 | L5: 104 | M5: 218 | P5: =P4+2000 -> 37000 | Q5: 155 | R5: 168 | S5: 178 | T5: 218
B6: =B5+2000 -> 39000 | C6: 19.5 | D6: 19.5 | E6: 19.5 | F6: 208 | I6: =I5+2000 -> 39000 | J6: 111 | K6: 111 | L6: 111 | M6: 208 | P6: =P5+2000 -> 39000 | Q6: 161 | R6: 174 | S6: 184 | T6: 208
B7: =B6+2000 -> 41000 | C7: 20.5 | D7: 20.5 | E7: 20.5 | F7: 198 | I7: =I6+2000 -> 41000 | J7: 117 | K7: 117 | L7: 117 | M7: 198 | P7: =P6+2000 -> 41000 | Q7: 166 | R7: 180 | S7: 190 | T7: 198
B8: =B7+2000 -> 43000 | C8: 21.5 | D8: 21.5 | E8: 21.5 | F8: 188 | I8: =I7+2000 -> 43000 | J8: 124 | K8: 123 | L8: 123 | M8: 188 | P8: =P7+2000 -> 43000 | Q8: 170 | R8: 185 | S8: 195 | T8: 188
B9: =B8+2000 -> 45000 | C9: 22.5 | D9: 22.5 | E9: 22.5 | F9: 179 | I9: =I8+2000 -> 45000 | J9: 130 | K9: 130 | L9: 130 | M9: 179 | P9: =P8+2000 -> 45000 | Q9: 174 | R9: 189 | S9: 199 | T9: 179
B12: HIGH SPEED DESCENT
C14: Min | J14: Distance (NM) | Q14: Fuel lbs
B15: Weight at Descent | C15: 11500 | D15: 10000 | E15: 9000 | F15: KIAS | I15: Weight at Descent | J15: 11500 | K15: 10000 | L15: 9000 | M15: KIAS | P15: Weight at Descent | Q15: 11500 | R15: 10000 | S15: 9000 | T15: KIAS
A16: Altitude | B16: 35000 | C16: 12.7 | D16: 12.2 | E16: 11.9 | F16: 229 | H16: Altitude | I16: 35000 | J16: 69 | K16: 67 | L16: 66 | M16: 229 | O16: Altitude | P16: 35000 | Q16: 68 | R16: 74 | S16: 79 | T16: 229
B17: =B16+2000 -> 37000 | C17: 13.3 | D17: 12.8 | E17: 12.5 | F17: 218 | I17: =I16+2000 -> 37000 | J17: 74 | K17: 72 | L17: 70 | M17: 218 | P17: =P16+2000 -> 37000 | Q17: 70 | R17: 78 | S17: 83 | T17: 218
B18: =B17+2000 -> 39000 | C18: 14 | D18: 13.5 | E18: 13.2 | F18: 208 | I18: =I17+2000 -> 39000 | J18: 78 | K18: 76 | L18: 74 | M18: 208 | P18: =P17+2000 -> 39000 | Q18: 72 | R18: 80 | S18: 86 | T18: 208
B19: =B18+2000 -> 41000 | C19: 14.7 | D19: 14.2 | E19: 13.9 | F19: 198 | I19: =I18+2000 -> 41000 | J19: 83 | K19: 80 | L19: 79 | M19: 198 | P19: =P18+2000 -> 41000 | Q19: 74 | R19: 82 | S19: 88 | T19: 198
B20: =B19+2000 -> 43000 | C20: 15.5 | D20: 14.9 | E20: 14.6 | F20: 188 | I20: =I19+2000 -> 43000 | J20: 88 | K20: 85 | L20: 83 | M20: 188 | P20: =P19+2000 -> 43000 | Q20: 77 | R20: 84 | S20: 90 | T20: 188
B21: =B20+2000 -> 45000 | C21: 16.4 | D21: 15.7 | E21: 15.3 | F21: 179 | I21: =I20+2000 -> 45000 | J21: 93 | K21: 90 | L21: 88 | M21: 179 | P21: =P20+2000 -> 45000 | Q21: 79 | R21: 86 | S21: 92 | T21: 179

Sheet B.CJ2.A1
C2: Min | J2: Distance (NM) | Q2: Fuel lbs
B3: Weight at Descent | C3: 11500 | D3: 10000 | E3: 9000 | F3: KIAS | I3: Weight at Descent | J3: 11500 | K3: 10000 | L3: 9000 | M3: KIAS | P3: Weight at Descent | Q3: 11500 | R3: 10000 | S3: 9000 | T3: KIAS
A4: Altitude | B4: 31000 | C4: 15.5 | D4: 15.5 | E4: 15.5 | F4: 252 | H4: Altitude | I4: 31000 | J4: 85 | K4: 84 | L4: 84 | M4: 252 | O4: Altitude | P4: 31000 | Q4: 149 | R4: 162 | S4: 171 | T4: 252
B5: =B4+2000 -> 33000 | C5: 16.5 | D5: 16.5 | E5: 16.5 | F5: 241 | I5: =I4+2000 -> 33000 | J5: 91 | K5: 91 | L5: 91 | M5: 241 | P5: =P4+2000 -> 33000 | Q5: 159 | R5: 173 | S5: 182 | T5: 241
B6: =B5+2000 -> 35000 | C6: 17.5 | D6: 17.5 | E6: 17.5 | F6: 229 | I6: =I5+2000 -> 35000 | J6: 98 | K6: 98 | L6: 98 | M6: 229 | P6: =P5+2000 -> 35000 | Q6: 168 | R6: 182 | S6: 192 | T6: 229
B7: =B6+2000 -> 37000 | C7: 18.5 | D7: 18.5 | E7: 18.5 | F7: 218 | I7: =I6+2000 -> 37000 | J7: 104 | K7: 104 | L7: 104 | M7: 218 | P7: =P6+2000 -> 37000 | Q7: 176 | R7: 190 | S7: 200 | T7: 218
B8: =B7+2000 -> 39000 | C8: 19.5 | D8: 19.5 | E8: 19.5 | F8: 208 | I8: =I7+2000 -> 39000 | J8: 111 | K8: 111 | L8: 111 | M8: 208 | P8: =P7+2000 -> 39000 | Q8: 183 | R8: 197 | S8: 207 | T8: 208
B9: =B8+2000 -> 41000 | C9: 20.5 | D9: 20.5 | E9: 20.5 | F9: 198 | I9: =I8+2000 -> 41000 | J9: 117 | K9: 117 | L9: 117 | M9: 198 | P9: =P8+2000 -> 41000 | Q9: 189 | R9: 203 | S9: 214 | T9: 198
B13: HIGH SPEED DESCENT
C15: Min | J15: Distance (NM) | Q15: Fuel lbs
B16: Weight at Descent | C16: 11500 | D16: 10000 | E16: 9000 | F16: KIAS | I16: Weight at Descent | J16: 11500 | K16: 10000 | L16: 9000 | M16: KIAS | P16: Weight at Descent | Q16: 11500 | R16: 10000 | S16: 9000 | T16: KIAS
A17: Altitude | B17: 31000 | C17: 11.1 | D17: 10.7 | E17: 10.4 | F17: 252 | H17: Altitude | I17: 31000 | J17: 60 | K17: 58 | L17: 57 | M17: 252 | O17: Altitude | P17: 31000 | Q17: 68 | R17: 74 | S17: 80 | T17: 252
B18: =B17+2000 -> 33000 | C18: 11.8 | D18: 11.3 | E18: 11.1 | F18: 241 | I18: =I17+2000 -> 33000 | J18: 64 | K18: 62 | L18: 61 | M18: 241 | P18: =P17+2000 -> 33000 | Q18: 73 | R18: 80 | S18: 86 | T18: 241
B19: =B18+2000 -> 35000 | C19: 12.5 | D19: 12 | E19: 11.8 | F19: 229 | I19: =I18+2000 -> 35000 | J19: 69 | K19: 67 | L19: 65 | M19: 229 | P19: =P18+2000 -> 35000 | Q19: 77 | R19: 84 | S19: 91 | T19: 229
B20: =B19+2000 -> 37000 | C20: 13.1 | D20: 12.7 | E20: 12.4 | F20: 218 | I20: =I19+2000 -> 37000 | J20: 73 | K20: 71 | L20: 70 | M20: 218 | P20: =P19+2000 -> 37000 | Q20: 81 | R20: 88 | S20: 95 | T20: 218
B21: =B20+2000 -> 39000 | C21: 13.8 | D21: 13.3 | E21: 13.1 | F21: 208 | I21: =I20+2000 -> 39000 | J21: 77 | K21: 75 | L21: 74 | M21: 208 | P21: =P20+2000 -> 39000 | Q21: 83 | R21: 91 | S21: 98 | T21: 208
B22: =B21+2000 -> 41000 | C22: 14.5 | D22: 14 | E22: 13.8 | F22: 198 | I22: =I21+2000 -> 41000 | J22: 82 | K22: 79 | L22: 78 | M22: 198 | P22: =P21+2000 -> 41000 | Q22: 85 | R22: 93 | S22: 101 | T22: 198

Sheet M.CJ2.A1
C2: Min | J2: Distance (NM) | Q2: Fuel lbs
B3: Weight at Descent | C3: 11500 | D3: 10000 | E3: 9000 | F3: KIAS | I3: Weight at Descent | J3: 11500 | K3: 10000 | L3: 9000 | M3: KIAS | P3: Weight at Descent | Q3: 11500 | R3: 10000 | S3: 9000 | T3: KIAS
A4: Altitude | B4: 31000 | C4: 15.5 | D4: 15.5 | E4: 15.5 | F4: 252 | H4: Altitude | I4: 31000 | J4: 85 | K4: 84 | L4: 84 | M4: 252 | O4: Altitude | P4: 31000 | Q4: 149 | R4: 162 | S4: 171 | T4: 252
B5: =B4+2000 -> 33000 | C5: 16.5 | D5: 16.5 | E5: 16.5 | F5: 241 | I5: =I4+2000 -> 33000 | J5: 91 | K5: 91 | L5: 91 | M5: 241 | P5: =P4+2000 -> 33000 | Q5: 159 | R5: 173 | S5: 182 | T5: 241
B6: =B5+2000 -> 35000 | C6: 17.5 | D6: 17.5 | E6: 17.5 | F6: 229 | I6: =I5+2000 -> 35000 | J6: 98 | K6: 98 | L6: 98 | M6: 229 | P6: =P5+2000 -> 35000 | Q6: 168 | R6: 182 | S6: 192 | T6: 229
B7: =B6+2000 -> 37000 | C7: 18.5 | D7: 18.5 | E7: 18.5 | F7: 218 | I7: =I6+2000 -> 37000 | J7: 104 | K7: 104 | L7: 104 | M7: 218 | P7: =P6+2000 -> 37000 | Q7: 176 | R7: 190 | S7: 200 | T7: 218
B8: =B7+2000 -> 39000 | C8: 19.5 | D8: 19.5 | E8: 19.5 | F8: 208 | I8: =I7+2000 -> 39000 | J8: 111 | K8: 111 | L8: 111 | M8: 208 | P8: =P7+2000 -> 39000 | Q8: 183 | R8: 197 | S8: 207 | T8: 208
B9: =B8+2000 -> 41000 | C9: 20.5 | D9: 20.5 | E9: 20.5 | F9: 198 | I9: =I8+2000 -> 41000 | J9: 117 | K9: 117 | L9: 117 | M9: 198 | P9: =P8+2000 -> 41000 | Q9: 189 | R9: 203 | S9: 214 | T9: 198
B13: HIGH SPEED DESCENT
C15: Min | J15: Distance (NM) | Q15: Fuel lbs
B16: Weight at Descent | C16: 11500 | D16: 10000 | E16: 9000 | F16: KIAS | I16: Weight at Descent | J16: 11500 | K16: 10000 | L16: 9000 | M16: KIAS | P16: Weight at Descent | Q16: 11500 | R16: 10000 | S16: 9000 | T16: KIAS
A17: Altitude | B17: 31000 | C17: 11.1 | D17: 10.7 | E17: 10.4 | F17: 252 | H17: Altitude | I17: 31000 | J17: 60 | K17: 58 | L17: 57 | M17: 252 | O17: Altitude | P17: 31000 | Q17: 68 | R17: 74 | S17: 80 | T17: 252
B18: =B17+2000 -> 33000 | C18: 11.8 | D18: 11.3 | E18: 11.1 | F18: 241 | I18: =I17+2000 -> 33000 | J18: 64 | K18: 62 | L18: 61 | M18: 241 | P18: =P17+2000 -> 33000 | Q18: 73 | R18: 80 | S18: 86 | T18: 241
B19: =B18+2000 -> 35000 | C19: 12.5 | D19: 12 | E19: 11.8 | F19: 229 | I19: =I18+2000 -> 35000 | J19: 69 | K19: 67 | L19: 65 | M19: 229 | P19: =P18+2000 -> 35000 | Q19: 77 | R19: 84 | S19: 91 | T19: 229
B20: =B19+2000 -> 37000 | C20: 13.1 | D20: 12.7 | E20: 12.4 | F20: 218 | I20: =I19+2000 -> 37000 | J20: 73 | K20: 71 | L20: 70 | M20: 218 | P20: =P19+2000 -> 37000 | Q20: 81 | R20: 88 | S20: 95 | T20: 218
B21: =B20+2000 -> 39000 | C21: 13.8 | D21: 13.3 | E21: 13.1 | F21: 208 | I21: =I20+2000 -> 39000 | J21: 77 | K21: 75 | L21: 74 | M21: 208 | P21: =P20+2000 -> 39000 | Q21: 83 | R21: 91 | S21: 98 | T21: 208
B22: =B21+2000 -> 41000 | C22: 14.5 | D22: 14 | E22: 13.8 | F22: 198 | I22: =I21+2000 -> 41000 | J22: 82 | K22: 79 | L22: 78 | M22: 198 | P22: =P21+2000 -> 41000 | Q22: 85 | R22: 93 | S22: 101 | T22: 198

Sheet B.CJ2+.A0
C2: Min | K2: Distance (nm) | S2: Fuel (lbs)
B3: Weight at Descent | C3: 12000 | D3: 11000 | E3: 10000 | F3: 9000 | G3: KIAS | J3: Weight at Descent | K3: 12000 | L3: 11000 | M3: 10000 | N3: 9000 | O3: KIAS | R3: Weight at Descent | S3: 12000 | T3: 11000 | U3: 10000 | V3: 9000 | W3: KIAS
A4: Altitude | B4: 35000 | C4: 17.6 | D4: 17.5 | E4: 17.5 | F4: 17.5 | G4: 235 | I4: Altitude | J4: 35000 | K4: 99 | L4: 99 | M4: 99 | N4: 99 | O4: 235 | Q4: Altitude | R4: 35000 | S4: 149 | T4: 157 | U4: 165 | V4: 174 | W4: 235
B5: =B4+2000 -> 37000 | C5: 18.6 | D5: 18.5 | E5: 18.5 | F5: 18.5 | G5: 224 | J5: =J4+2000 -> 37000 | K5: 106 | L5: 106 | M5: 105 | N5: 105 | O5: 224 | R5: =R4+2000 -> 37000 | S5: 156 | T5: 164 | U5: 173 | V5: 182 | W5: 224
B6: =B5+2000 -> 39000 | C6: 19.6 | D6: 19.5 | E6: 19.5 | F6: 19.5 | G6: 213 | J6: =J5+2000 -> 39000 | K6: 112 | L6: 112 | M6: 112 | N6: 112 | O6: 213 | R6: =R5+2000 -> 39000 | S6: 162 | T6: 171 | U6: 180 | V6: 189 | W6: 213
B7: =B6+2000 -> 41000 | C7: 20.6 | D7: 20.5 | E7: 20.5 | F7: 20.5 | G7: 203 | J7: =J6+2000 -> 41000 | K7: 119 | L7: 119 | M7: 119 | N7: 119 | O7: 203 | R7: =R6+2000 -> 41000 | S7: 168 | T7: 177 | U7: 185 | V7: 195 | W7: 203
B8: =B7+2000 -> 43000 | C8: 21.6 | D8: 21.5 | E8: 21.5 | F8: 21.5 | G8: 193 | J8: =J7+2000 -> 43000 | K8: 125 | L8: 125 | M8: 125 | N8: 125 | O8: 193 | R8: =R7+2000 -> 43000 | S8: 173 | T8: 182 | U8: 191 | V8: 201 | W8: 193
B9: =B8+2000 -> 45000 | C9: 22.6 | D9: 22.5 | E9: 22.5 | F9: 22.5 | G9: 184 | J9: =J8+2000 -> 45000 | K9: 132 | L9: 132 | M9: 132 | N9: 132 | O9: 184 | R9: =R8+2000 -> 45000 | S9: 177 | T9: 186 | U9: 195 | V9: 206 | W9: 184
B14: HIGH SPEED DESCENT
C16: Min | K16: Distance (nm) | S16: Fuel (lbs)
B17: Weight at Descent | C17: 12000 | D17: 11000 | E17: 10000 | F17: 9000 | G17: KIAS | J17: Weight at Descent | K17: 12000 | L17: 11000 | M17: 10000 | N17: 9000 | O17: KIAS | R17: Weight at Descent | S17: 12000 | T17: 11000 | U17: 10000 | V17: 9000 | W17: KIAS
A18: Altitude | B18: 35000 | C18: 12.8 | D18: 12.5 | E18: 12.2 | F18: 11.9 | G18: 235 | I18: Altitude | J18: 35000 | K18: 71 | L18: 69 | M18: 68 | N18: 67 | O18: 235 | Q18: Altitude | R18: 35000 | S18: 69 | T18: 73 | U18: 78 | V18: 83 | W18: 235
B19: =B18+2000 -> 37000 | C19: 13.5 | D19: 13.2 | E19: 12.9 | F19: 12.5 | G19: 224 | J19: =J18+2000 -> 37000 | K19: 75 | L19: 74 | M19: 72 | N19: 71 | O19: 224 | R19: =R18+2000 -> 37000 | S19: 72 | T19: 77 | U19: 81 | V19: 87 | W19: 224
B20: =B19+2000 -> 39000 | C20: 14.2 | D20: 13.8 | E20: 13.5 | F20: 13.2 | G20: 213 | J20: =J19+2000 -> 39000 | K20: 80 | L20: 78 | M20: 77 | N20: 75 | O20: 213 | R20: =R19+2000 -> 39000 | S20: 75 | T20: 79 | U20: 84 | V20: 90 | W20: 213
B21: =B20+2000 -> 41000 | C21: 14.9 | D21: 14.5 | E21: 14.2 | F21: 13.9 | G21: 203 | J21: =J20+2000 -> 41000 | K21: 85 | L21: 83 | M21: 81 | N21: 80 | O21: 203 | R21: =R20+2000 -> 41000 | S21: 77 | T21: 82 | U21: 87 | V21: 92 | W21: 203
B22: =B21+2000 -> 43000 | C22: 15.7 | D22: 15.3 | E22: 14.9 | F22: 14.5 | G22: 193 | J22: =J21+2000 -> 43000 | K22: 90 | L22: 88 | M22: 86 | N22: 84 | O22: 193 | R22: =R21+2000 -> 43000 | S22: 79 | T22: 84 | U22: 89 | V22: 95 | W22: 193
B23: =B22+2000 -> 45000 | C23: 16.5 | D23: 16.1 | E23: 15.7 | F23: 15.3 | G23: 184 | J23: =J22+2000 -> 45000 | K23: 95 | L23: 93 | M23: 91 | N23: 89 | O23: 184 | R23: =R22+2000 -> 45000 | S23: 82 | T23: 87 | U23: 91 | V23: 97 | W23: 184

Sheet M.CJ2+.A0
C2: Min | K2: Distance (nm) | S2: Fuel (lbs)
B3: Weight at Descent | C3: 12000 | D3: 11000 | E3: 10000 | F3: 9000 | G3: KIAS | J3: Weight at Descent | K3: 12000 | L3: 11000 | M3: 10000 | N3: 9000 | O3: KIAS | R3: Weight at Descent | S3: 12000 | T3: 11000 | U3: 10000 | V3: 9000 | W3: KIAS
A4: Altitude | B4: 35000 | C4: 17.6 | D4: 17.5 | E4: 17.5 | F4: 17.5 | G4: 235 | I4: Altitude | J4: 35000 | K4: 99 | L4: 99 | M4: 99 | N4: 99 | O4: 235 | Q4: Altitude | R4: 35000 | S4: 149 | T4: 157 | U4: 165 | V4: 174 | W4: 235
B5: =B4+2000 -> 37000 | C5: 18.6 | D5: 18.5 | E5: 18.5 | F5: 18.5 | G5: 224 | J5: =J4+2000 -> 37000 | K5: 106 | L5: 106 | M5: 105 | N5: 105 | O5: 224 | R5: =R4+2000 -> 37000 | S5: 156 | T5: 164 | U5: 173 | V5: 182 | W5: 224
B6: =B5+2000 -> 39000 | C6: 19.6 | D6: 19.5 | E6: 19.5 | F6: 19.5 | G6: 213 | J6: =J5+2000 -> 39000 | K6: 112 | L6: 112 | M6: 112 | N6: 112 | O6: 213 | R6: =R5+2000 -> 39000 | S6: 162 | T6: 171 | U6: 180 | V6: 189 | W6: 213
B7: =B6+2000 -> 41000 | C7: 20.6 | D7: 20.5 | E7: 20.5 | F7: 20.5 | G7: 203 | J7: =J6+2000 -> 41000 | K7: 119 | L7: 119 | M7: 119 | N7: 119 | O7: 203 | R7: =R6+2000 -> 41000 | S7: 168 | T7: 177 | U7: 185 | V7: 195 | W7: 203
B8: =B7+2000 -> 43000 | C8: 21.6 | D8: 21.5 | E8: 21.5 | F8: 21.5 | G8: 193 | J8: =J7+2000 -> 43000 | K8: 125 | L8: 125 | M8: 125 | N8: 125 | O8: 193 | R8: =R7+2000 -> 43000 | S8: 173 | T8: 182 | U8: 191 | V8: 201 | W8: 193
B9: =B8+2000 -> 45000 | C9: 22.6 | D9: 22.5 | E9: 22.5 | F9: 22.5 | G9: 184 | J9: =J8+2000 -> 45000 | K9: 132 | L9: 132 | M9: 132 | N9: 132 | O9: 184 | R9: =R8+2000 -> 45000 | S9: 177 | T9: 186 | U9: 195 | V9: 206 | W9: 184
B14: HIGH SPEED DESCENT
C16: Min | K16: Distance (nm) | S16: Fuel (lbs)
B17: Weight at Descent | C17: 12000 | D17: 11000 | E17: 10000 | F17: 9000 | G17: KIAS | J17: Weight at Descent | K17: 12000 | L17: 11000 | M17: 10000 | N17: 9000 | O17: KIAS | R17: Weight at Descent | S17: 12000 | T17: 11000 | U17: 10000 | V17: 9000 | W17: KIAS
A18: Altitude | B18: 35000 | C18: 12.8 | D18: 12.5 | E18: 12.2 | F18: 11.9 | G18: 235 | I18: Altitude | J18: 35000 | K18: 71 | L18: 69 | M18: 68 | N18: 67 | O18: 235 | Q18: Altitude | R18: 35000 | S18: 69 | T18: 73 | U18: 78 | V18: 83 | W18: 235
B19: =B18+2000 -> 37000 | C19: 13.5 | D19: 13.2 | E19: 12.9 | F19: 12.5 | G19: 224 | J19: =J18+2000 -> 37000 | K19: 75 | L19: 74 | M19: 72 | N19: 71 | O19: 224 | R19: =R18+2000 -> 37000 | S19: 72 | T19: 77 | U19: 81 | V19: 87 | W19: 224
B20: =B19+2000 -> 39000 | C20: 14.2 | D20: 13.8 | E20: 13.5 | F20: 13.2 | G20: 213 | J20: =J19+2000 -> 39000 | K20: 80 | L20: 78 | M20: 77 | N20: 75 | O20: 213 | R20: =R19+2000 -> 39000 | S20: 75 | T20: 79 | U20: 84 | V20: 90 | W20: 213
B21: =B20+2000 -> 41000 | C21: 14.9 | D21: 14.5 | E21: 14.2 | F21: 13.9 | G21: 203 | J21: =J20+2000 -> 41000 | K21: 85 | L21: 83 | M21: 81 | N21: 80 | O21: 203 | R21: =R20+2000 -> 41000 | S21: 77 | T21: 82 | U21: 87 | V21: 92 | W21: 203
B22: =B21+2000 -> 43000 | C22: 15.7 | D22: 15.3 | E22: 14.9 | F22: 14.5 | G22: 193 | J22: =J21+2000 -> 43000 | K22: 90 | L22: 88 | M22: 86 | N22: 84 | O22: 193 | R22: =R21+2000 -> 43000 | S22: 79 | T22: 84 | U22: 89 | V22: 95 | W22: 193
B23: =B22+2000 -> 45000 | C23: 16.5 | D23: 16.1 | E23: 15.7 | F23: 15.3 | G23: 184 | J23: =J22+2000 -> 45000 | K23: 95 | L23: 93 | M23: 91 | N23: 89 | O23: 184 | R23: =R22+2000 -> 45000 | S23: 82 | T23: 87 | U23: 91 | V23: 97 | W23: 184

Sheet B.CJ2+.A1
C2: Min | K2: Distance (nm) | S2: Fuel (lbs)
B3: Weight at Descent | C3: 12000 | D3: 11000 | E3: 10000 | F3: 9000 | G3: KIAS | J3: Weight at Descent | K3: 12000 | L3: 11000 | M3: 10000 | N3: 9000 | O3: KIAS | R3: Weight at Descent | S3: 12000 | T3: 11000 | U3: 10000 | V3: 9000 | W3: KIAS
A4: Altitude | B4: 31000 | C4: 15.7 | D4: 15.6 | E4: 15.6 | F4: 15.5 | G4: 259 | I4: Altitude | J4: 31000 | K4: 86 | L4: 86 | M4: 85 | N4: 85 | O4: 259 | Q4: Altitude | R4: 31000 | S4: 157 | T4: 163 | U4: 171 | V4: 179 | W4: 259
B5: =B4+2000 -> 33000 | C5: 16.7 | D5: 16.6 | E5: 16.6 | F5: 16.5 | G5: 247 | J5: =J4+2000 -> 33000 | K5: 93 | L5: 92 | M5: 92 | N5: 92 | O5: 247 | R5: =R4+2000 -> 33000 | S5: 168 | T5: 174 | U5: 182 | V5: 191 | W5: 247
B6: =B5+2000 -> 35000 | C6: 17.7 | D6: 17.6 | E6: 17.6 | F6: 17.5 | G6: 235 | J6: =J5+2000 -> 35000 | K6: 100 | L6: 99 | M6: 99 | N6: 99 | O6: 235 | R6: =R5+2000 -> 35000 | S6: 178 | T6: 185 | U6: 193 | V6: 201 | W6: 235
B7: =B6+2000 -> 37000 | C7: 18.7 | D7: 18.6 | E7: 18.6 | F7: 18.5 | G7: 224 | J7: =J6+2000 -> 37000 | K7: 106 | L7: 106 | M7: 106 | N7: 105 | O7: 224 | R7: =R6+2000 -> 37000 | S7: 187 | T7: 193 | U7: 202 | V7: 211 | W7: 224
B8: =B7+2000 -> 39000 | C8: 19.7 | D8: 19.6 | E8: 19.6 | F8: 19.5 | G8: 213 | J8: =J7+2000 -> 39000 | K8: 113 | L8: 112 | M8: 112 | N8: 112 | O8: 213 | R8: =R7+2000 -> 39000 | S8: 194 | T8: 201 | U8: 210 | V8: 219 | W8: 213
B9: =B8+2000 -> 41000 | C9: 20.7 | D9: 20.6 | E9: 20.6 | F9: 20.5 | G9: 203 | J9: =J8+2000 -> 41000 | K9: 119 | L9: 119 | M9: 119 | N9: 119 | O9: 203 | R9: =R8+2000 -> 41000 | S9: 201 | T9: 208 | U9: 217 | V9: 226 | W9: 203
B14: HIGH SPEED DESCENT
C16: Min | K16: Distance (nm) | S16: Fuel (lbs)
B17: Weight at Descent | C17: 12000 | D17: 11000 | E17: 10000 | F17: 9000 | G17: KIAS | J17: Weight at Descent | K17: 12000 | L17: 11000 | M17: 10000 | N17: 9000 | O17: KIAS | R17: Weight at Descent | S17: 12000 | T17: 11000 | U17: 10000 | V17: 9000 | W17: KIAS
A18: Altitude | B18: 31000 | C18: 12.3 | D18: 11.8 | E18: 11.5 | F18: 11.1 | G18: 259 | I18: Altitude | J18: 31000 | K18: 66 | L18: 63 | M18: 62 | N18: 60 | O18: 259 | Q18: Altitude | R18: 31000 | S18: 94 | T18: 94 | U18: 96 | V18: 98 | W18: 259
B19: =B18+2000 -> 33000 | C19: 13 | D19: 12.5 | E19: 12.1 | F19: 11.7 | G19: 247 | J19: =J18+2000 -> 33000 | K19: 70 | L19: 68 | M19: 66 | N19: 64 | O19: 247 | R19: =R18+2000 -> 33000 | S19: 99 | T19: 99 | U19: 102 | V19: 105 | W19: 247
B20: =B19+2000 -> 35000 | C20: 13.6 | D20: 13.2 | E20: 12.8 | F20: 12.4 | G20: 235 | J20: =J19+2000 -> 35000 | K20: 75 | L20: 72 | M20: 71 | N20: 69 | O20: 235 | R20: =R19+2000 -> 35000 | S20: 104 | T20: 104 | U20: 107 | V20: 110 | W20: 235
B21: =B20+2000 -> 37000 | C21: 14.3 | D21: 13.8 | E21: 13.5 | F21: 13.1 | G21: 224 | J21: =J20+2000 -> 37000 | K21: 79 | L21: 77 | M21: 75 | N21: 73 | O21: 224 | R21: =R20+2000 -> 37000 | S21: 108 | T21: 108 | U21: 112 | V21: 115 | W21: 224
B22: =B21+2000 -> 39000 | C22: 15 | D22: 14.5 | E22: 14.1 | F22: 13.7 | G22: 213 | J22: =J21+2000 -> 39000 | K22: 83 | L22: 81 | M22: 79 | N22: 78 | O22: 213 | R22: =R21+2000 -> 39000 | S22: 110 | T22: 112 | U22: 115 | V22: 119 | W22: 213
B23: =B22+2000 -> 41000 | C23: 15.7 | D23: 15.2 | E23: 14.8 | F23: 14.4 | G23: 203 | J23: =J22+2000 -> 41000 | K23: 88 | L23: 86 | M23: 84 | N23: 82 | O23: 203 | R23: =R22+2000 -> 41000 | S23: 113 | T23: 114 | U23: 118 | V23: 122 | W23: 203

Sheet M.CJ2+.A1
C2: Min | K2: Distance (nm) | S2: Fuel (lbs)
B3: Weight at Descent | C3: 12000 | D3: 11000 | E3: 10000 | F3: 9000 | G3: KIAS | J3: Weight at Descent | K3: 12000 | L3: 11000 | M3: 10000 | N3: 9000 | O3: KIAS | R3: Weight at Descent | S3: 12000 | T3: 11000 | U3: 10000 | V3: 9000 | W3: KIAS
A4: Altitude | B4: 31000 | C4: 15.7 | D4: 15.6 | E4: 15.6 | F4: 15.5 | G4: 259 | I4: Altitude | J4: 31000 | K4: 86 | L4: 86 | M4: 85 | N4: 85 | O4: 259 | Q4: Altitude | R4: 31000 | S4: 157 | T4: 163 | U4: 171 | V4: 179 | W4: 259
B5: =B4+2000 -> 33000 | C5: 16.7 | D5: 16.6 | E5: 16.6 | F5: 16.5 | G5: 247 | J5: =J4+2000 -> 33000 | K5: 93 | L5: 92 | M5: 92 | N5: 92 | O5: 247 | R5: =R4+2000 -> 33000 | S5: 168 | T5: 174 | U5: 182 | V5: 191 | W5: 247
B6: =B5+2000 -> 35000 | C6: 17.7 | D6: 17.6 | E6: 17.6 | F6: 17.5 | G6: 235 | J6: =J5+2000 -> 35000 | K6: 100 | L6: 99 | M6: 99 | N6: 99 | O6: 235 | R6: =R5+2000 -> 35000 | S6: 178 | T6: 185 | U6: 193 | V6: 201 | W6: 235
B7: =B6+2000 -> 37000 | C7: 18.7 | D7: 18.6 | E7: 18.6 | F7: 18.5 | G7: 224 | J7: =J6+2000 -> 37000 | K7: 106 | L7: 106 | M7: 106 | N7: 105 | O7: 224 | R7: =R6+2000 -> 37000 | S7: 187 | T7: 193 | U7: 202 | V7: 211 | W7: 224
B8: =B7+2000 -> 39000 | C8: 19.7 | D8: 19.6 | E8: 19.6 | F8: 19.5 | G8: 213 | J8: =J7+2000 -> 39000 | K8: 113 | L8: 112 | M8: 112 | N8: 112 | O8: 213 | R8: =R7+2000 -> 39000 | S8: 194 | T8: 201 | U8: 210 | V8: 219 | W8: 213
B9: =B8+2000 -> 41000 | C9: 20.7 | D9: 20.6 | E9: 20.6 | F9: 20.5 | G9: 203 | J9: =J8+2000 -> 41000 | K9: 119 | L9: 119 | M9: 119 | N9: 119 | O9: 203 | R9: =R8+2000 -> 41000 | S9: 201 | T9: 208 | U9: 217 | V9: 226 | W9: 203
B14: HIGH SPEED DESCENT
C16: Min | K16: Distance (nm) | S16: Fuel (lbs)
B17: Weight at Descent | C17: 12000 | D17: 11000 | E17: 10000 | F17: 9000 | G17: KIAS | J17: Weight at Descent | K17: 12000 | L17: 11000 | M17: 10000 | N17: 9000 | O17: KIAS | R17: Weight at Descent | S17: 12000 | T17: 11000 | U17: 10000 | V17: 9000 | W17: KIAS
A18: Altitude | B18: 31000 | C18: 12.3 | D18: 11.8 | E18: 11.5 | F18: 11.1 | G18: 259 | I18: Altitude | J18: 31000 | K18: 66 | L18: 63 | M18: 62 | N18: 60 | O18: 259 | Q18: Altitude | R18: 31000 | S18: 94 | T18: 94 | U18: 96 | V18: 98 | W18: 259
B19: =B18+2000 -> 33000 | C19: 13 | D19: 12.5 | E19: 12.1 | F19: 11.7 | G19: 247 | J19: =J18+2000 -> 33000 | K19: 70 | L19: 68 | M19: 66 | N19: 64 | O19: 247 | R19: =R18+2000 -> 33000 | S19: 99 | T19: 99 | U19: 102 | V19: 105 | W19: 247
B20: =B19+2000 -> 35000 | C20: 13.6 | D20: 13.2 | E20: 12.8 | F20: 12.4 | G20: 235 | J20: =J19+2000 -> 35000 | K20: 75 | L20: 72 | M20: 71 | N20: 69 | O20: 235 | R20: =R19+2000 -> 35000 | S20: 104 | T20: 104 | U20: 107 | V20: 110 | W20: 235
B21: =B20+2000 -> 37000 | C21: 14.3 | D21: 13.8 | E21: 13.5 | F21: 13.1 | G21: 224 | J21: =J20+2000 -> 37000 | K21: 79 | L21: 77 | M21: 75 | N21: 73 | O21: 224 | R21: =R20+2000 -> 37000 | S21: 108 | T21: 108 | U21: 112 | V21: 115 | W21: 224
B22: =B21+2000 -> 39000 | C22: 15 | D22: 14.5 | E22: 14.1 | F22: 13.7 | G22: 213 | J22: =J21+2000 -> 39000 | K22: 83 | L22: 81 | M22: 79 | N22: 78 | O22: 213 | R22: =R21+2000 -> 39000 | S22: 110 | T22: 112 | U22: 115 | V22: 119 | W22: 213
B23: =B22+2000 -> 41000 | C23: 15.7 | D23: 15.2 | E23: 14.8 | F23: 14.4 | G23: 203 | J23: =J22+2000 -> 41000 | K23: 88 | L23: 86 | M23: 84 | N23: 82 | O23: 203 | R23: =R22+2000 -> 41000 | S23: 113 | T23: 114 | U23: 118 | V23: 122 | W23: 203

Sheet B.CJ3.A0
C2: Min | J2: Distance (nm) | Q2: Fuel (lbs)
B3: Weight at Descent | C3: 12750 | D3: 11000 | E3: 9000 | F3: KIAS | I3: Weight at Descent | J3: 12750 | K3: 11000 | L3: 9000 | M3: KIAS | P3: Weight at Descent | Q3: 12750 | R3: 11000 | S3: 9000 | T3: KIAS
A4: Altitude | B4: 35000 | C4: 17.6 | D4: 17.5 | E4: 17.5 | F4: 234 | H4: Altitude | I4: 35000 | J4: 99 | K4: 99 | L4: 99 | M4: 234 | O4: Altitude | P4: 35000 | Q4: 156 | R4: 172 | S4: 192 | T4: 234
B5: =B4+2000 -> 37000 | C5: 18.6 | D5: 18.5 | E5: 18.5 | F5: 223 | I5: =I4+2000 -> 37000 | J5: 105 | K5: 105 | L5: 105 | M5: 223 | P5: =P4+2000 -> 37000 | Q5: 163 | R5: 180 | S5: 201 | T5: 223
B6: =B5+2000 -> 39000 | C6: 19.6 | D6: 19.5 | E6: 19.5 | F6: 212 | I6: =I5+2000 -> 39000 | J6: 112 | K6: 112 | L6: 112 | M6: 212 | P6: =P5+2000 -> 39000 | Q6: 170 | R6: 187 | S6: 208 | T6: 212
B7: =B6+2000 -> 41000 | C7: 20.6 | D7: 20.5 | E7: 20.5 | F7: 202 | I7: =I6+2000 -> 41000 | J7: 119 | K7: 118 | L7: 118 | M7: 202 | P7: =P6+2000 -> 41000 | Q7: 175 | R7: 193 | S7: 215 | T7: 202
B8: =B7+2000 -> 43000 | C8: 21.6 | D8: 21.5 | E8: 21.5 | F8: 192 | I8: =I7+2000 -> 43000 | J8: 125 | K8: 125 | L8: 125 | M8: 192 | P8: =P7+2000 -> 43000 | Q8: 180 | R8: 198 | S8: 221 | T8: 192
B9: =B8+2000 -> 45000 | C9: 22.6 | D9: 22.5 | E9: 22.5 | F9: 183 | I9: =I8+2000 -> 45000 | J9: 132 | K9: 131 | L9: 131 | M9: 183 | P9: =P8+2000 -> 45000 | Q9: 184 | R9: 202 | S9: 226 | T9: 183
B14: HIGH SPEED DESCENT
C16: Min | J16: Distance (nm) | Q16: Fuel (lbs)
B17: Weight at Descent | C17: 12750 | D17: 11000 | E17: 9000 | F17: KIAS | I17: Weight at Descent | J17: 12750 | K17: 11000 | L17: 9000 | M17: KIAS | P17: Weight at Descent | Q17: 12750 | R17: 11000 | S17: 9000 | T17: KIAS
A18: Altitude | B18: 35000 | C18: 12.9 | D18: 12.3 | E18: 11.8 | F18: 234 | H18: Altitude | I18: 35000 | J18: 71 | K18: 68 | L18: 66 | M18: 234 | O18: Altitude | P18: 35000 | Q18: 72 | R18: 80 | S18: 92 | T18: 234
B19: =B18+2000 -> 37000 | C19: 13.5 | D19: 13 | E19: 12.4 | F19: 223 | I19: =I18+2000 -> 37000 | J19: 75 | K19: 73 | L19: 70 | M19: 223 | P19: =P18+2000 -> 37000 | Q19: 75 | R19: 84 | S19: 97 | T19: 223
B20: =B19+2000 -> 39000 | C20: 14.2 | D20: 13.6 | E20: 13.1 | F20: 212 | I20: =I19+2000 -> 39000 | J20: 80 | K20: 77 | L20: 75 | M20: 212 | P20: =P19+2000 -> 39000 | Q20: 78 | R20: 87 | S20: 100 | T20: 212
B21: =B20+2000 -> 41000 | C21: 15 | D21: 14.3 | E21: 13.8 | F21: 202 | I21: =I20+2000 -> 41000 | J21: 85 | K21: 82 | L21: 79 | M21: 202 | P21: =P20+2000 -> 41000 | Q21: 80 | R21: 89 | S21: 103 | T21: 202
B22: =B21+2000 -> 43000 | C22: 15.8 | D22: 15 | E22: 14.4 | F22: 192 | I22: =I21+2000 -> 43000 | J22: 90 | K22: 86 | L22: 84 | M22: 192 | P22: =P21+2000 -> 43000 | Q22: 82 | R22: 91 | S22: 105 | T22: 192
B23: =B22+2000 -> 45000 | C23: 16.6 | D23: 15.9 | E23: 15.2 | F23: 183 | I23: =I22+2000 -> 45000 | J23: 96 | K23: 92 | L23: 88 | M23: 183 | P23: =P22+2000 -> 45000 | Q23: 85 | R23: 94 | S23: 108 | T23: 183

Sheet M.CJ3.A0
C2: Min | J2: Distance (nm) | Q2: Fuel (lbs)
B3: Weight at Descent | C3: 12750 | D3: 11000 | E3: 9000 | F3: KIAS | I3: Weight at Descent | J3: 12750 | K3: 11000 | L3: 9000 | M3: KIAS | P3: Weight at Descent | Q3: 12750 | R3: 11000 | S3: 9000 | T3: KIAS
A4: Altitude | B4: 35000 | C4: 17.6 | D4: 17.5 | E4: 17.5 | F4: 234 | H4: Altitude | I4: 35000 | J4: 99 | K4: 99 | L4: 99 | M4: 234 | O4: Altitude | P4: 35000 | Q4: 156 | R4: 172 | S4: 192 | T4: 234
B5: =B4+2000 -> 37000 | C5: 18.6 | D5: 18.5 | E5: 18.5 | F5: 223 | I5: =I4+2000 -> 37000 | J5: 105 | K5: 105 | L5: 105 | M5: 223 | P5: =P4+2000 -> 37000 | Q5: 163 | R5: 180 | S5: 201 | T5: 223
B6: =B5+2000 -> 39000 | C6: 19.6 | D6: 19.5 | E6: 19.5 | F6: 212 | I6: =I5+2000 -> 39000 | J6: 112 | K6: 112 | L6: 112 | M6: 212 | P6: =P5+2000 -> 39000 | Q6: 170 | R6: 187 | S6: 208 | T6: 212
B7: =B6+2000 -> 41000 | C7: 20.6 | D7: 20.5 | E7: 20.5 | F7: 202 | I7: =I6+2000 -> 41000 | J7: 119 | K7: 118 | L7: 118 | M7: 202 | P7: =P6+2000 -> 41000 | Q7: 175 | R7: 193 | S7: 215 | T7: 202
B8: =B7+2000 -> 43000 | C8: 21.6 | D8: 21.5 | E8: 21.5 | F8: 192 | I8: =I7+2000 -> 43000 | J8: 125 | K8: 125 | L8: 125 | M8: 192 | P8: =P7+2000 -> 43000 | Q8: 180 | R8: 198 | S8: 221 | T8: 192
B9: =B8+2000 -> 45000 | C9: 22.6 | D9: 22.5 | E9: 22.5 | F9: 183 | I9: =I8+2000 -> 45000 | J9: 132 | K9: 131 | L9: 131 | M9: 183 | P9: =P8+2000 -> 45000 | Q9: 184 | R9: 202 | S9: 226 | T9: 183
B14: HIGH SPEED DESCENT
C16: Min | J16: Distance (nm) | Q16: Fuel (lbs)
B17: Weight at Descent | C17: 12750 | D17: 11000 | E17: 9000 | F17: KIAS | I17: Weight at Descent | J17: 12750 | K17: 11000 | L17: 9000 | M17: KIAS | P17: Weight at Descent | Q17: 12750 | R17: 11000 | S17: 9000 | T17: KIAS
A18: Altitude | B18: 35000 | C18: 12.9 | D18: 12.3 | E18: 11.8 | F18: 234 | H18: Altitude | I18: 35000 | J18: 71 | K18: 68 | L18: 66 | M18: 234 | O18: Altitude | P18: 35000 | Q18: 72 | R18: 80 | S18: 92 | T18: 234
B19: =B18+2000 -> 37000 | C19: 13.5 | D19: 13 | E19: 12.4 | F19: 223 | I19: =I18+2000 -> 37000 | J19: 75 | K19: 73 | L19: 70 | M19: 223 | P19: =P18+2000 -> 37000 | Q19: 75 | R19: 84 | S19: 97 | T19: 223
B20: =B19+2000 -> 39000 | C20: 14.2 | D20: 13.6 | E20: 13.1 | F20: 212 | I20: =I19+2000 -> 39000 | J20: 80 | K20: 77 | L20: 75 | M20: 212 | P20: =P19+2000 -> 39000 | Q20: 78 | R20: 87 | S20: 100 | T20: 212
B21: =B20+2000 -> 41000 | C21: 15 | D21: 14.3 | E21: 13.8 | F21: 202 | I21: =I20+2000 -> 41000 | J21: 85 | K21: 82 | L21: 79 | M21: 202 | P21: =P20+2000 -> 41000 | Q21: 80 | R21: 89 | S21: 103 | T21: 202
B22: =B21+2000 -> 43000 | C22: 15.8 | D22: 15 | E22: 14.4 | F22: 192 | I22: =I21+2000 -> 43000 | J22: 90 | K22: 86 | L22: 84 | M22: 192 | P22: =P21+2000 -> 43000 | Q22: 82 | R22: 91 | S22: 105 | T22: 192
B23: =B22+2000 -> 45000 | C23: 16.6 | D23: 15.9 | E23: 15.2 | F23: 183 | I23: =I22+2000 -> 45000 | J23: 96 | K23: 92 | L23: 88 | M23: 183 | P23: =P22+2000 -> 45000 | Q23: 85 | R23: 94 | S23: 108 | T23: 183

Sheet B.CJ3.A1
C2: Min | J2: Distance (nm) | Q2: Fuel (lbs)
B3: Weight at Descent | C3: 12750 | D3: 11000 | E3: 9000 | F3: KIAS | I3: Weight at Descent | J3: 12750 | K3: 11000 | L3: 9000 | M3: KIAS | P3: Weight at Descent | Q3: 12750 | R3: 11000 | S3: 9000 | T3: KIAS
A4: Altitude | B4: 31000 | C4: 15.8 | D4: 15.6 | E4: 15.5 | F4: 258 | H4: Altitude | I4: 31000 | J4: 86 | K4: 85 | L4: 85 | M4: 258 | O4: Altitude | P4: 31000 | Q4: 162 | R4: 174 | S4: 191 | T4: 258
B5: =B4+2000 -> 33000 | C5: 16.8 | D5: 16.6 | E5: 16.5 | F5: 246 | I5: =I4+2000 -> 33000 | J5: 93 | K5: 92 | L5: 92 | M5: 246 | P5: =P4+2000 -> 33000 | Q5: 173 | R5: 186 | S5: 205 | T5: 246
B6: =B5+2000 -> 35000 | C6: 17.8 | D6: 17.6 | E6: 17.5 | F6: 234 | I6: =I5+2000 -> 35000 | J6: 100 | K6: 99 | L6: 99 | M6: 234 | P6: =P5+2000 -> 35000 | Q6: 184 | R6: 197 | S6: 216 | T6: 234
B7: =B6+2000 -> 37000 | C7: 18.8 | D7: 18.6 | E7: 18.5 | F7: 223 | I7: =I6+2000 -> 37000 | J7: 106 | K7: 105 | L7: 105 | M7: 223 | P7: =P6+2000 -> 37000 | Q7: 193 | R7: 206 | S7: 226 | T7: 223
B8: =B7+2000 -> 39000 | C8: 19.8 | D8: 19.6 | E8: 19.5 | F8: 212 | I8: =I7+2000 -> 39000 | J8: 113 | K8: 112 | L8: 112 | M8: 212 | P8: =P7+2000 -> 39000 | Q8: 200 | R8: 214 | S8: 235 | T8: 212
B9: =B8+2000 -> 41000 | C9: 20.8 | D9: 20.6 | E9: 20.5 | F9: 202 | I9: =I8+2000 -> 41000 | J9: 119 | K9: 119 | L9: 118 | M9: 202 | P9: =P8+2000 -> 41000 | Q9: 207 | R9: 222 | S9: 243 | T9: 202
B14: HIGH SPEED DESCENT
C16: Min | J16: Distance (nm) | Q16: Fuel (lbs)
B17: Weight at Descent | C17: 12750 | D17: 11000 | E17: 9000 | F17: KIAS | I17: Weight at Descent | J17: 12750 | K17: 11000 | L17: 9000 | M17: KIAS | P17: Weight at Descent | Q17: 12750 | R17: 11000 | S17: 9000 | T17: KIAS
A18: Altitude | B18: 31000 | C18: 12.5 | D18: 11.6 | E18: 10.9 | F18: 258 | H18: Altitude | I18: 31000 | J18: 66 | K18: 62 | L18: 59 | M18: 258 | O18: Altitude | P18: 31000 | Q18: 97 | R18: 98 | S18: 103 | T18: 258
B19: =B18+2000 -> 33000 | C19: 13.1 | D19: 12.3 | E19: 11.5 | F19: 246 | I19: =I18+2000 -> 33000 | J19: 71 | K19: 67 | L19: 63 | M19: 246 | P19: =P18+2000 -> 33000 | Q19: 103 | R19: 104 | S19: 111 | T19: 246
B20: =B19+2000 -> 35000 | C20: 13.8 | D20: 13 | E20: 12.2 | F20: 234 | I20: =I19+2000 -> 35000 | J20: 75 | K20: 71 | L20: 68 | M20: 234 | P20: =P19+2000 -> 35000 | Q20: 108 | R20: 110 | S20: 117 | T20: 234
B21: =B20+2000 -> 37000 | C21: 14.5 | D21: 13.6 | E21: 12.9 | F21: 223 | I21: =I20+2000 -> 37000 | J21: 80 | K21: 76 | L21: 72 | M21: 223 | P21: =P20+2000 -> 37000 | Q21: 112 | R21: 114 | S21: 122 | T21: 223
B22: =B21+2000 -> 39000 | C22: 15.1 | D22: 14.3 | E22: 13.5 | F22: 212 | I22: =I21+2000 -> 39000 | J22: 84 | K22: 80 | L22: 77 | M22: 212 | P22: =P21+2000 -> 39000 | Q22: 115 | R22: 118 | S22: 126 | T22: 212
B23: =B22+2000 -> 41000 | C23: 15.9 | D23: 15 | E23: 14.2 | F23: 202 | I23: =I22+2000 -> 41000 | J23: 89 | K23: 85 | L23: 81 | M23: 202 | P23: =P22+2000 -> 41000 | Q23: 118 | R23: 121 | S23: 130 | T23: 202

Sheet M.CJ3.A1
C2: Min | J2: Distance (nm) | Q2: Fuel (lbs)
B3: Weight at Descent | C3: 12750 | D3: 11000 | E3: 9000 | F3: KIAS | I3: Weight at Descent | J3: 12750 | K3: 11000 | L3: 9000 | M3: KIAS | P3: Weight at Descent | Q3: 12750 | R3: 11000 | S3: 9000 | T3: KIAS
A4: Altitude | B4: 31000 | C4: 15.8 | D4: 15.6 | E4: 15.5 | F4: 258 | H4: Altitude | I4: 31000 | J4: 86 | K4: 85 | L4: 85 | M4: 258 | O4: Altitude | P4: 31000 | Q4: 162 | R4: 174 | S4: 191 | T4: 258
B5: =B4+2000 -> 33000 | C5: 16.8 | D5: 16.6 | E5: 16.5 | F5: 246 | I5: =I4+2000 -> 33000 | J5: 93 | K5: 92 | L5: 92 | M5: 246 | P5: =P4+2000 -> 33000 | Q5: 173 | R5: 186 | S5: 205 | T5: 246
B6: =B5+2000 -> 35000 | C6: 17.8 | D6: 17.6 | E6: 17.5 | F6: 234 | I6: =I5+2000 -> 35000 | J6: 100 | K6: 99 | L6: 99 | M6: 234 | P6: =P5+2000 -> 35000 | Q6: 184 | R6: 197 | S6: 216 | T6: 234
B7: =B6+2000 -> 37000 | C7: 18.8 | D7: 18.6 | E7: 18.5 | F7: 223 | I7: =I6+2000 -> 37000 | J7: 106 | K7: 105 | L7: 105 | M7: 223 | P7: =P6+2000 -> 37000 | Q7: 193 | R7: 206 | S7: 226 | T7: 223
B8: =B7+2000 -> 39000 | C8: 19.8 | D8: 19.6 | E8: 19.5 | F8: 212 | I8: =I7+2000 -> 39000 | J8: 113 | K8: 112 | L8: 112 | M8: 212 | P8: =P7+2000 -> 39000 | Q8: 200 | R8: 214 | S8: 235 | T8: 212
B9: =B8+2000 -> 41000 | C9: 20.8 | D9: 20.6 | E9: 20.5 | F9: 202 | I9: =I8+2000 -> 41000 | J9: 119 | K9: 119 | L9: 118 | M9: 202 | P9: =P8+2000 -> 41000 | Q9: 207 | R9: 222 | S9: 243 | T9: 202
B14: HIGH SPEED DESCENT
C16: Min | J16: Distance (nm) | Q16: Fuel (lbs)
B17: Weight at Descent | C17: 12750 | D17: 11000 | E17: 9000 | F17: KIAS | I17: Weight at Descent | J17: 12750 | K17: 11000 | L17: 9000 | M17: KIAS | P17: Weight at Descent | Q17: 12750 | R17: 11000 | S17: 9000 | T17: KIAS
A18: Altitude | B18: 31000 | C18: 12.5 | D18: 11.6 | E18: 10.9 | F18: 258 | H18: Altitude | I18: 31000 | J18: 66 | K18: 62 | L18: 59 | M18: 258 | O18: Altitude | P18: 31000 | Q18: 97 | R18: 98 | S18: 103 | T18: 258
B19: =B18+2000 -> 33000 | C19: 13.1 | D19: 12.3 | E19: 11.5 | F19: 246 | I19: =I18+2000 -> 33000 | J19: 71 | K19: 67 | L19: 63 | M19: 246 | P19: =P18+2000 -> 33000 | Q19: 103 | R19: 104 | S19: 111 | T19: 246
B20: =B19+2000 -> 35000 | C20: 13.8 | D20: 13 | E20: 12.2 | F20: 234 | I20: =I19+2000 -> 35000 | J20: 75 | K20: 71 | L20: 68 | M20: 234 | P20: =P19+2000 -> 35000 | Q20: 108 | R20: 110 | S20: 117 | T20: 234
B21: =B20+2000 -> 37000 | C21: 14.5 | D21: 13.6 | E21: 12.9 | F21: 223 | I21: =I20+2000 -> 37000 | J21: 80 | K21: 76 | L21: 72 | M21: 223 | P21: =P20+2000 -> 37000 | Q21: 112 | R21: 114 | S21: 122 | T21: 223
B22: =B21+2000 -> 39000 | C22: 15.1 | D22: 14.3 | E22: 13.5 | F22: 212 | I22: =I21+2000 -> 39000 | J22: 84 | K22: 80 | L22: 77 | M22: 212 | P22: =P21+2000 -> 39000 | Q22: 115 | R22: 118 | S22: 126 | T22: 212
B23: =B22+2000 -> 41000 | C23: 15.9 | D23: 15 | E23: 14.2 | F23: 202 | I23: =I22+2000 -> 41000 | J23: 89 | K23: 85 | L23: 81 | M23: 202 | P23: =P22+2000 -> 41000 | Q23: 118 | R23: 121 | S23: 130 | T23: 202

Sheet B.CJ3+.A0
C2: Min | J2: Distance (nm) | Q2: Fuel (lbs)
B3: Weight at Descent | C3: 12750 | D3: 11000 | E3: 9000 | F3: KIAS | I3: Weight at Descent | J3: 12750 | K3: 11000 | L3: 9000 | M3: KIAS | P3: Weight at Descent | Q3: 12750 | R3: 11000 | S3: 9000 | T3: KIAS
A4: Altitude | B4: 35000 | C4: 17.6 | D4: 17.5 | E4: 17.5 | F4: 234 | H4: Altitude | I4: 35000 | J4: 99 | K4: 98 | L4: 98 | M4: 234 | O4: Altitude | P4: 35000 | Q4: 158 | R4: 175 | S4: 195 | T4: 234
B5: 37000 | C5: 18.6 | D5: 18.5 | E5: 18.5 | F5: 223 | I5: 37000 | J5: 105 | K5: 105 | L5: 105 | M5: 223 | P5: 37000 | Q5: 165 | R5: 183 | S5: 204 | T5: 223
B6: 39000 | C6: 19.6 | D6: 19.5 | E6: 19.5 | F6: 212 | I6: 39000 | J6: 112 | K6: 112 | L6: 111 | M6: 212 | P6: 39000 | Q6: 172 | R6: 190 | S6: 212 | T6: 212
B7: 41000 | C7: 20.6 | D7: 20.5 | E7: 20.5 | F7: 202 | I7: 41000 | J7: 119 | K7: 118 | L7: 118 | M7: 202 | P7: 41000 | Q7: 177 | R7: 196 | S7: 218 | T7: 202
B8: 43000 | C8: 21.6 | D8: 21.5 | E8: 21.5 | F8: 192 | I8: 43000 | J8: 125 | K8: 125 | L8: 125 | M8: 192 | P8: 43000 | Q8: 182 | R8: 201 | S8: 224 | T8: 192
B9: 45000 | C9: 22.6 | D9: 22.5 | E9: 22.5 | F9: 183 | I9: 45000 | J9: 132 | K9: 131 | L9: 131 | M9: 183 | P9: 45000 | Q9: 186 | R9: 205 | S9: 229 | T9: 183
B14: HIGH SPEED DESCENT
C16: Min | J16: Distance (nm) | Q16: Fuel (lbs)
B17: Weight at Descent | C17: 12750 | D17: 11000 | E17: 9000 | F17: KIAS | I17: Weight at Descent | J17: 12750 | K17: 11000 | L17: 9000 | M17: KIAS | P17: Weight at Descent | Q17: 12750 | R17: 11000 | S17: 9000 | T17: KIAS
A18: Altitude | B18: 35000 | C18: 13.1 | D18: 12.5 | E18: 11.8 | F18: 234 | H18: Altitude | I18: 35000 | J18: 72 | K18: 69 | L18: 66 | M18: 234 | O18: Altitude | P18: 35000 | Q18: 74 | R18: 82 | S18: 93 | T18: 234
B19: 37000 | C19: 13.7 | D19: 13.1 | E19: 12.5 | F19: 223 | I19: 37000 | J19: 76 | K19: 73 | L19: 70 | M19: 223 | P19: 37000 | Q19: 77 | R19: 86 | S19: 98 | T19: 223
B20: 39000 | C20: 14.4 | D20: 13.8 | E20: 13.2 | F20: 212 | I20: 39000 | J20: 81 | K20: 78 | L20: 75 | M20: 212 | P20: 39000 | Q20: 80 | R20: 89 | S20: 101 | T20: 212
B21: 41000 | C21: 15.2 | D21: 14.5 | E21: 13.8 | F21: 202 | I21: 41000 | J21: 85 | K21: 82 | L21: 79 | M21: 202 | P21: 41000 | Q21: 82 | R21: 91 | S21: 104 | T21: 202
B22: 43000 | C22: 16 | D22: 15.2 | E22: 14.5 | F22: 192 | I22: 43000 | J22: 91 | K22: 87 | L22: 84 | M22: 192 | P22: 43000 | Q22: 85 | R22: 93 | S22: 107 | T22: 192
B23: 45000 | C23: 16.9 | D23: 16.1 | E23: 15.2 | F23: 183 | I23: 45000 | J23: 97 | K23: 93 | L23: 88 | M23: 183 | P23: 45000 | Q23: 87 | R23: 96 | S23: 109 | T23: 183

Sheet M.CJ3+.A0
C2: Min | J2: Distance (nm) | Q2: Fuel (lbs)
B3: Weight at Descent | C3: 12750 | D3: 11000 | E3: 9000 | F3: KIAS | I3: Weight at Descent | J3: 12750 | K3: 11000 | L3: 9000 | M3: KIAS | P3: Weight at Descent | Q3: 12750 | R3: 11000 | S3: 9000 | T3: KIAS
A4: Altitude | B4: 35000 | C4: 17.6 | D4: 17.5 | E4: 17.5 | F4: 234 | H4: Altitude | I4: 35000 | J4: 99 | K4: 98 | L4: 98 | M4: 234 | O4: Altitude | P4: 35000 | Q4: 158 | R4: 175 | S4: 195 | T4: 234
B5: 37000 | C5: 18.6 | D5: 18.5 | E5: 18.5 | F5: 223 | I5: 37000 | J5: 105 | K5: 105 | L5: 105 | M5: 223 | P5: 37000 | Q5: 165 | R5: 183 | S5: 204 | T5: 223
B6: 39000 | C6: 19.6 | D6: 19.5 | E6: 19.5 | F6: 212 | I6: 39000 | J6: 112 | K6: 112 | L6: 111 | M6: 212 | P6: 39000 | Q6: 172 | R6: 190 | S6: 212 | T6: 212
B7: 41000 | C7: 20.6 | D7: 20.5 | E7: 20.5 | F7: 202 | I7: 41000 | J7: 119 | K7: 118 | L7: 118 | M7: 202 | P7: 41000 | Q7: 177 | R7: 196 | S7: 218 | T7: 202
B8: 43000 | C8: 21.6 | D8: 21.5 | E8: 21.5 | F8: 192 | I8: 43000 | J8: 125 | K8: 125 | L8: 125 | M8: 192 | P8: 43000 | Q8: 182 | R8: 201 | S8: 224 | T8: 192
B9: 45000 | C9: 22.6 | D9: 22.5 | E9: 22.5 | F9: 183 | I9: 45000 | J9: 132 | K9: 131 | L9: 131 | M9: 183 | P9: 45000 | Q9: 186 | R9: 205 | S9: 229 | T9: 183
B14: HIGH SPEED DESCENT
C16: Min | J16: Distance (nm) | Q16: Fuel (lbs)
B17: Weight at Descent | C17: 12750 | D17: 11000 | E17: 9000 | F17: KIAS | I17: Weight at Descent | J17: 12750 | K17: 11000 | L17: 9000 | M17: KIAS | P17: Weight at Descent | Q17: 12750 | R17: 11000 | S17: 9000 | T17: KIAS
A18: Altitude | B18: 35000 | C18: 13.1 | D18: 12.5 | E18: 11.8 | F18: 234 | H18: Altitude | I18: 35000 | J18: 72 | K18: 69 | L18: 66 | M18: 234 | O18: Altitude | P18: 35000 | Q18: 74 | R18: 82 | S18: 93 | T18: 234
B19: 37000 | C19: 13.7 | D19: 13.1 | E19: 12.5 | F19: 223 | I19: 37000 | J19: 76 | K19: 73 | L19: 70 | M19: 223 | P19: 37000 | Q19: 77 | R19: 86 | S19: 98 | T19: 223
B20: 39000 | C20: 14.4 | D20: 13.8 | E20: 13.2 | F20: 212 | I20: 39000 | J20: 81 | K20: 78 | L20: 75 | M20: 212 | P20: 39000 | Q20: 80 | R20: 89 | S20: 101 | T20: 212
B21: 41000 | C21: 15.2 | D21: 14.5 | E21: 13.8 | F21: 202 | I21: 41000 | J21: 85 | K21: 82 | L21: 79 | M21: 202 | P21: 41000 | Q21: 82 | R21: 91 | S21: 104 | T21: 202
B22: 43000 | C22: 16 | D22: 15.2 | E22: 14.5 | F22: 192 | I22: 43000 | J22: 91 | K22: 87 | L22: 84 | M22: 192 | P22: 43000 | Q22: 85 | R22: 93 | S22: 107 | T22: 192
B23: 45000 | C23: 16.9 | D23: 16.1 | E23: 15.2 | F23: 183 | I23: 45000 | J23: 97 | K23: 93 | L23: 88 | M23: 183 | P23: 45000 | Q23: 87 | R23: 96 | S23: 109 | T23: 183

Sheet B.CJ3+.A1
C2: Min | J2: Distance (nm) | Q2: Fuel (lbs)
B3: Weight at Descent | C3: 12750 | D3: 11000 | E3: 9000 | F3: KIAS | I3: Weight at Descent | J3: 12750 | K3: 11000 | L3: 9000 | M3: KIAS | P3: Weight at Descent | Q3: 12750 | R3: 11000 | S3: 9000 | T3: KIAS
A4: Altitude | B4: 31000 | C4: 16 | D4: 15.6 | E4: 15.5 | F4: 258 | H4: Altitude | I4: 31000 | J4: 87 | K4: 85 | L4: 85 | M4: 258 | O4: Altitude | P4: 31000 | Q4: 164 | R4: 174 | S4: 192 | T4: 258
B5: 33000 | C5: 17 | D5: 16.6 | E5: 16.5 | F5: 246 | I5: 33000 | J5: 94 | K5: 92 | L5: 92 | M5: 246 | P5: 33000 | Q5: 176 | R5: 186 | S5: 205 | T5: 246
B6: 35000 | C6: 18 | D6: 17.6 | E6: 17.5 | F6: 234 | I6: 35000 | J6: 100 | K6: 99 | L6: 98 | M6: 234 | P6: 35000 | Q6: 187 | R6: 197 | S6: 217 | T6: 234
B7: 37000 | C7: 19 | D7: 18.6 | E7: 18.5 | F7: 223 | I7: 37000 | J7: 107 | K7: 105 | L7: 105 | M7: 223 | P7: 37000 | Q7: 196 | R7: 207 | S7: 227 | T7: 223
B8: 39000 | C8: 20 | D8: 19.6 | E8: 19.5 | F8: 212 | I8: 39000 | J8: 113 | K8: 112 | L8: 112 | M8: 212 | P8: 39000 | Q8: 203 | R8: 215 | S8: 236 | T8: 212
B9: 41000 | C9: 20.9 | D9: 20.6 | E9: 20.5 | F9: 202 | I9: 41000 | J9: 120 | K9: 119 | L9: 118 | M9: 202 | P9: 41000 | Q9: 210 | R9: 222 | S9: 244 | T9: 202
B15: HIGH SPEED DESCENT
C17: Min | J17: Distance (nm) | Q17: Fuel (lbs)
B18: Weight at Descent | C18: 12750 | D18: 11000 | E18: 9000 | F18: KIAS | I18: Weight at Descent | J18: 12750 | K18: 11000 | L18: 9000 | M18: KIAS | P18: Weight at Descent | Q18: 12750 | R18: 11000 | S18: 9000 | T18: KIAS
A19: Altitude | B19: 31000 | C19: 12.7 | D19: 11.9 | E19: 11.1 | F19: 258 | H19: Altitude | I19: 31000 | J19: 67 | K19: 63 | L19: 60 | M19: 258 | O19: Altitude | P19: 31000 | Q19: 101 | R19: 101 | S19: 106 | T19: 258
B20: 33000 | C20: 13.4 | D20: 12.5 | E20: 11.7 | F20: 246 | I20: 33000 | J20: 72 | K20: 68 | L20: 64 | M20: 246 | P20: 33000 | Q20: 107 | R20: 108 | S20: 114 | T20: 246
B21: 35000 | C21: 14.1 | D21: 13.2 | E21: 12.4 | F21: 234 | I21: 35000 | J21: 76 | K21: 72 | L21: 69 | M21: 234 | P21: 35000 | Q21: 112 | R21: 113 | S21: 120 | T21: 234
B22: 37000 | C22: 14.7 | D22: 13.9 | E22: 13.1 | F22: 223 | I22: 37000 | J22: 81 | K22: 77 | L22: 73 | M22: 223 | P22: 37000 | Q22: 116 | R22: 118 | S22: 125 | T22: 223
B23: 39000 | C23: 15.4 | D23: 14.5 | E23: 13.7 | F23: 212 | I23: 39000 | J23: 85 | K23: 81 | L23: 77 | M23: 212 | P23: 39000 | Q23: 119 | R23: 121 | S23: 129 | T23: 212
B24: 41000 | C24: 16.1 | D24: 15.2 | E24: 14.4 | F24: 202 | I24: 41000 | J24: 90 | K24: 85 | L24: 82 | M24: 202 | P24: 41000 | Q24: 121 | R24: 124 | S24: 133 | T24: 202

Sheet M.CJ3+.A1
C2: Min | J2: Distance (nm) | Q2: Fuel (lbs)
B3: Weight at Descent | C3: 12750 | D3: 11000 | E3: 9000 | F3: KIAS | I3: Weight at Descent | J3: 12750 | K3: 11000 | L3: 9000 | M3: KIAS | P3: Weight at Descent | Q3: 12750 | R3: 11000 | S3: 9000 | T3: KIAS
A4: Altitude | B4: 31000 | C4: 16 | D4: 15.6 | E4: 15.5 | F4: 258 | H4: Altitude | I4: 31000 | J4: 87 | K4: 85 | L4: 85 | M4: 258 | O4: Altitude | P4: 31000 | Q4: 164 | R4: 174 | S4: 192 | T4: 258
B5: 33000 | C5: 17 | D5: 16.6 | E5: 16.5 | F5: 246 | I5: 33000 | J5: 94 | K5: 92 | L5: 92 | M5: 246 | P5: 33000 | Q5: 176 | R5: 186 | S5: 205 | T5: 246
B6: 35000 | C6: 18 | D6: 17.6 | E6: 17.5 | F6: 234 | I6: 35000 | J6: 100 | K6: 99 | L6: 98 | M6: 234 | P6: 35000 | Q6: 187 | R6: 197 | S6: 217 | T6: 234
B7: 37000 | C7: 19 | D7: 18.6 | E7: 18.5 | F7: 223 | I7: 37000 | J7: 107 | K7: 105 | L7: 105 | M7: 223 | P7: 37000 | Q7: 196 | R7: 207 | S7: 227 | T7: 223
B8: 39000 | C8: 20 | D8: 19.6 | E8: 19.5 | F8: 212 | I8: 39000 | J8: 113 | K8: 112 | L8: 112 | M8: 212 | P8: 39000 | Q8: 203 | R8: 215 | S8: 236 | T8: 212
B9: 41000 | C9: 20.9 | D9: 20.6 | E9: 20.5 | F9: 202 | I9: 41000 | J9: 120 | K9: 119 | L9: 118 | M9: 202 | P9: 41000 | Q9: 210 | R9: 222 | S9: 244 | T9: 202
B15: HIGH SPEED DESCENT
C17: Min | J17: Distance (nm) | Q17: Fuel (lbs)
B18: Weight at Descent | C18: 12750 | D18: 11000 | E18: 9000 | F18: KIAS | I18: Weight at Descent | J18: 12750 | K18: 11000 | L18: 9000 | M18: KIAS | P18: Weight at Descent | Q18: 12750 | R18: 11000 | S18: 9000 | T18: KIAS
A19: Altitude | B19: 31000 | C19: 12.7 | D19: 11.9 | E19: 11.1 | F19: 258 | H19: Altitude | I19: 31000 | J19: 67 | K19: 63 | L19: 60 | M19: 258 | O19: Altitude | P19: 31000 | Q19: 101 | R19: 101 | S19: 106 | T19: 258
B20: 33000 | C20: 13.4 | D20: 12.5 | E20: 11.7 | F20: 246 | I20: 33000 | J20: 72 | K20: 68 | L20: 64 | M20: 246 | P20: 33000 | Q20: 107 | R20: 108 | S20: 114 | T20: 246
B21: 35000 | C21: 14.1 | D21: 13.2 | E21: 12.4 | F21: 234 | I21: 35000 | J21: 76 | K21: 72 | L21: 69 | M21: 234 | P21: 35000 | Q21: 112 | R21: 113 | S21: 120 | T21: 234
B22: 37000 | C22: 14.7 | D22: 13.9 | E22: 13.1 | F22: 223 | I22: 37000 | J22: 81 | K22: 77 | L22: 73 | M22: 223 | P22: 37000 | Q22: 116 | R22: 118 | S22: 125 | T22: 223
B23: 39000 | C23: 15.4 | D23: 14.5 | E23: 13.7 | F23: 212 | I23: 39000 | J23: 85 | K23: 81 | L23: 77 | M23: 212 | P23: 39000 | Q23: 119 | R23: 121 | S23: 129 | T23: 212
B24: 41000 | C24: 16.1 | D24: 15.2 | E24: 14.4 | F24: 202 | I24: 41000 | J24: 90 | K24: 85 | L24: 82 | M24: 202 | P24: 41000 | Q24: 121 | R24: 124 | S24: 133 | T24: 202
